file_name,ndvi_file_name,location,year,row,col,cloud_coverage,bounds
Panvel_2018_0_0.png,NDVI_Panvel_2018_0_0.tif,Panvel,2018,0,0,,"[[[73.01835978047194, 19.011966966966966], [73.06712697939427, 19.011966966966966], [73.06712697939427, 19.058093093093092], [73.01835978047194, 19.058093093093092], [73.01835978047194, 19.011966966966966]]]"
Panvel_2018_0_1.png,NDVI_Panvel_2018_0_1.tif,Panvel,2018,0,1,,"[[[73.06712697939427, 19.011966966966966], [73.11589417831661, 19.011966966966966], [73.11589417831661, 19.058093093093092], [73.06712697939427, 19.058093093093092], [73.06712697939427, 19.011966966966966]]]"
Panvel_2018_0_2.png,NDVI_Panvel_2018_0_2.tif,Panvel,2018,0,2,,"[[[73.11589417831661, 19.011966966966966], [73.16466137723896, 19.011966966966966], [73.16466137723896, 19.058093093093092], [73.11589417831661, 19.058093093093092], [73.11589417831661, 19.011966966966966]]]"
Panvel_2018_0_3.png,NDVI_Panvel_2018_0_3.tif,Panvel,2018,0,3,,"[[[73.16466137723896, 19.011966966966966], [73.21342857616129, 19.011966966966966], [73.21342857616129, 19.058093093093092], [73.16466137723896, 19.058093093093092], [73.16466137723896, 19.011966966966966]]]"
Panvel_2018_0_4.png,NDVI_Panvel_2018_0_4.tif,Panvel,2018,0,4,,"[[[73.21342857616129, 19.011966966966966], [73.26219577508363, 19.011966966966966], [73.26219577508363, 19.058093093093092], [73.21342857616129, 19.058093093093092], [73.21342857616129, 19.011966966966966]]]"
Panvel_2018_1_0.png,NDVI_Panvel_2018_1_0.tif,Panvel,2018,1,0,,"[[[73.01835978047194, 18.96584084084084], [73.06712697939427, 18.96584084084084], [73.06712697939427, 19.011966966966966], [73.01835978047194, 19.011966966966966], [73.01835978047194, 18.96584084084084]]]"
Panvel_2018_1_1.png,NDVI_Panvel_2018_1_1.tif,Panvel,2018,1,1,,"[[[73.06712697939427, 18.96584084084084], [73.11589417831661, 18.96584084084084], [73.11589417831661, 19.011966966966966], [73.06712697939427, 19.011966966966966], [73.06712697939427, 18.96584084084084]]]"
Panvel_2018_1_2.png,NDVI_Panvel_2018_1_2.tif,Panvel,2018,1,2,,"[[[73.11589417831661, 18.96584084084084], [73.16466137723896, 18.96584084084084], [73.16466137723896, 19.011966966966966], [73.11589417831661, 19.011966966966966], [73.11589417831661, 18.96584084084084]]]"
Panvel_2018_1_3.png,NDVI_Panvel_2018_1_3.tif,Panvel,2018,1,3,,"[[[73.16466137723896, 18.96584084084084], [73.21342857616129, 18.96584084084084], [73.21342857616129, 19.011966966966966], [73.16466137723896, 19.011966966966966], [73.16466137723896, 18.96584084084084]]]"
Panvel_2018_1_4.png,NDVI_Panvel_2018_1_4.tif,Panvel,2018,1,4,,"[[[73.21342857616129, 18.96584084084084], [73.26219577508363, 18.96584084084084], [73.26219577508363, 19.011966966966966], [73.21342857616129, 19.011966966966966], [73.21342857616129, 18.96584084084084]]]"
Panvel_2018_2_0.png,NDVI_Panvel_2018_2_0.tif,Panvel,2018,2,0,,"[[[73.01835978047194, 18.919714714714715], [73.06712697939427, 18.919714714714715], [73.06712697939427, 18.96584084084084], [73.01835978047194, 18.96584084084084], [73.01835978047194, 18.919714714714715]]]"
Panvel_2018_2_1.png,NDVI_Panvel_2018_2_1.tif,Panvel,2018,2,1,,"[[[73.06712697939427, 18.919714714714715], [73.11589417831661, 18.919714714714715], [73.11589417831661, 18.96584084084084], [73.06712697939427, 18.96584084084084], [73.06712697939427, 18.919714714714715]]]"
Panvel_2018_2_2.png,NDVI_Panvel_2018_2_2.tif,Panvel,2018,2,2,,"[[[73.11589417831661, 18.919714714714715], [73.16466137723896, 18.919714714714715], [73.16466137723896, 18.96584084084084], [73.11589417831661, 18.96584084084084], [73.11589417831661, 18.919714714714715]]]"
Panvel_2018_2_3.png,NDVI_Panvel_2018_2_3.tif,Panvel,2018,2,3,,"[[[73.16466137723896, 18.919714714714715], [73.21342857616129, 18.919714714714715], [73.21342857616129, 18.96584084084084], [73.16466137723896, 18.96584084084084], [73.16466137723896, 18.919714714714715]]]"
Panvel_2018_2_4.png,NDVI_Panvel_2018_2_4.tif,Panvel,2018,2,4,,"[[[73.21342857616129, 18.919714714714715], [73.26219577508363, 18.919714714714715], [73.26219577508363, 18.96584084084084], [73.21342857616129, 18.96584084084084], [73.21342857616129, 18.919714714714715]]]"
Panvel_2018_3_0.png,NDVI_Panvel_2018_3_0.tif,Panvel,2018,3,0,,"[[[73.01835978047194, 18.87358858858859], [73.06712697939427, 18.87358858858859], [73.06712697939427, 18.919714714714715], [73.01835978047194, 18.919714714714715], [73.01835978047194, 18.87358858858859]]]"
Panvel_2018_3_1.png,NDVI_Panvel_2018_3_1.tif,Panvel,2018,3,1,,"[[[73.06712697939427, 18.87358858858859], [73.11589417831661, 18.87358858858859], [73.11589417831661, 18.919714714714715], [73.06712697939427, 18.919714714714715], [73.06712697939427, 18.87358858858859]]]"
Panvel_2018_3_2.png,NDVI_Panvel_2018_3_2.tif,Panvel,2018,3,2,,"[[[73.11589417831661, 18.87358858858859], [73.16466137723896, 18.87358858858859], [73.16466137723896, 18.919714714714715], [73.11589417831661, 18.919714714714715], [73.11589417831661, 18.87358858858859]]]"
Panvel_2018_3_3.png,NDVI_Panvel_2018_3_3.tif,Panvel,2018,3,3,,"[[[73.16466137723896, 18.87358858858859], [73.21342857616129, 18.87358858858859], [73.21342857616129, 18.919714714714715], [73.16466137723896, 18.919714714714715], [73.16466137723896, 18.87358858858859]]]"
Panvel_2018_3_4.png,NDVI_Panvel_2018_3_4.tif,Panvel,2018,3,4,,"[[[73.21342857616129, 18.87358858858859], [73.26219577508363, 18.87358858858859], [73.26219577508363, 18.919714714714715], [73.21342857616129, 18.919714714714715], [73.21342857616129, 18.87358858858859]]]"
Panvel_2018_4_0.png,NDVI_Panvel_2018_4_0.tif,Panvel,2018,4,0,,"[[[73.01835978047194, 18.827462462462464], [73.06712697939427, 18.827462462462464], [73.06712697939427, 18.87358858858859], [73.01835978047194, 18.87358858858859], [73.01835978047194, 18.827462462462464]]]"
Panvel_2018_4_1.png,NDVI_Panvel_2018_4_1.tif,Panvel,2018,4,1,,"[[[73.06712697939427, 18.827462462462464], [73.11589417831661, 18.827462462462464], [73.11589417831661, 18.87358858858859], [73.06712697939427, 18.87358858858859], [73.06712697939427, 18.827462462462464]]]"
Panvel_2018_4_2.png,NDVI_Panvel_2018_4_2.tif,Panvel,2018,4,2,,"[[[73.11589417831661, 18.827462462462464], [73.16466137723896, 18.827462462462464], [73.16466137723896, 18.87358858858859], [73.11589417831661, 18.87358858858859], [73.11589417831661, 18.827462462462464]]]"
Panvel_2018_4_3.png,NDVI_Panvel_2018_4_3.tif,Panvel,2018,4,3,,"[[[73.16466137723896, 18.827462462462464], [73.21342857616129, 18.827462462462464], [73.21342857616129, 18.87358858858859], [73.16466137723896, 18.87358858858859], [73.16466137723896, 18.827462462462464]]]"
Panvel_2018_4_4.png,NDVI_Panvel_2018_4_4.tif,Panvel,2018,4,4,,"[[[73.21342857616129, 18.827462462462464], [73.26219577508363, 18.827462462462464], [73.26219577508363, 18.87358858858859], [73.21342857616129, 18.87358858858859], [73.21342857616129, 18.827462462462464]]]"
Panvel_2024_0_0.png,NDVI_Panvel_2024_0_0.tif,Panvel,2024,0,0,,"[[[73.01835978047194, 19.011966966966966], [73.06712697939427, 19.011966966966966], [73.06712697939427, 19.058093093093092], [73.01835978047194, 19.058093093093092], [73.01835978047194, 19.011966966966966]]]"
Panvel_2024_0_1.png,NDVI_Panvel_2024_0_1.tif,Panvel,2024,0,1,,"[[[73.06712697939427, 19.011966966966966], [73.11589417831661, 19.011966966966966], [73.11589417831661, 19.058093093093092], [73.06712697939427, 19.058093093093092], [73.06712697939427, 19.011966966966966]]]"
Panvel_2024_0_2.png,NDVI_Panvel_2024_0_2.tif,Panvel,2024,0,2,,"[[[73.11589417831661, 19.011966966966966], [73.16466137723896, 19.011966966966966], [73.16466137723896, 19.058093093093092], [73.11589417831661, 19.058093093093092], [73.11589417831661, 19.011966966966966]]]"
Panvel_2024_0_3.png,NDVI_Panvel_2024_0_3.tif,Panvel,2024,0,3,,"[[[73.16466137723896, 19.011966966966966], [73.21342857616129, 19.011966966966966], [73.21342857616129, 19.058093093093092], [73.16466137723896, 19.058093093093092], [73.16466137723896, 19.011966966966966]]]"
Panvel_2024_0_4.png,NDVI_Panvel_2024_0_4.tif,Panvel,2024,0,4,,"[[[73.21342857616129, 19.011966966966966], [73.26219577508363, 19.011966966966966], [73.26219577508363, 19.058093093093092], [73.21342857616129, 19.058093093093092], [73.21342857616129, 19.011966966966966]]]"
Panvel_2024_1_0.png,NDVI_Panvel_2024_1_0.tif,Panvel,2024,1,0,,"[[[73.01835978047194, 18.96584084084084], [73.06712697939427, 18.96584084084084], [73.06712697939427, 19.011966966966966], [73.01835978047194, 19.011966966966966], [73.01835978047194, 18.96584084084084]]]"
Panvel_2024_1_1.png,NDVI_Panvel_2024_1_1.tif,Panvel,2024,1,1,,"[[[73.06712697939427, 18.96584084084084], [73.11589417831661, 18.96584084084084], [73.11589417831661, 19.011966966966966], [73.06712697939427, 19.011966966966966], [73.06712697939427, 18.96584084084084]]]"
Panvel_2024_1_2.png,NDVI_Panvel_2024_1_2.tif,Panvel,2024,1,2,,"[[[73.11589417831661, 18.96584084084084], [73.16466137723896, 18.96584084084084], [73.16466137723896, 19.011966966966966], [73.11589417831661, 19.011966966966966], [73.11589417831661, 18.96584084084084]]]"
Panvel_2024_1_3.png,NDVI_Panvel_2024_1_3.tif,Panvel,2024,1,3,,"[[[73.16466137723896, 18.96584084084084], [73.21342857616129, 18.96584084084084], [73.21342857616129, 19.011966966966966], [73.16466137723896, 19.011966966966966], [73.16466137723896, 18.96584084084084]]]"
Panvel_2024_1_4.png,NDVI_Panvel_2024_1_4.tif,Panvel,2024,1,4,,"[[[73.21342857616129, 18.96584084084084], [73.26219577508363, 18.96584084084084], [73.26219577508363, 19.011966966966966], [73.21342857616129, 19.011966966966966], [73.21342857616129, 18.96584084084084]]]"
Panvel_2024_2_0.png,NDVI_Panvel_2024_2_0.tif,Panvel,2024,2,0,,"[[[73.01835978047194, 18.919714714714715], [73.06712697939427, 18.919714714714715], [73.06712697939427, 18.96584084084084], [73.01835978047194, 18.96584084084084], [73.01835978047194, 18.919714714714715]]]"
Panvel_2024_2_1.png,NDVI_Panvel_2024_2_1.tif,Panvel,2024,2,1,,"[[[73.06712697939427, 18.919714714714715], [73.11589417831661, 18.919714714714715], [73.11589417831661, 18.96584084084084], [73.06712697939427, 18.96584084084084], [73.06712697939427, 18.919714714714715]]]"
Panvel_2024_2_2.png,NDVI_Panvel_2024_2_2.tif,Panvel,2024,2,2,,"[[[73.11589417831661, 18.919714714714715], [73.16466137723896, 18.919714714714715], [73.16466137723896, 18.96584084084084], [73.11589417831661, 18.96584084084084], [73.11589417831661, 18.919714714714715]]]"
Panvel_2024_2_3.png,NDVI_Panvel_2024_2_3.tif,Panvel,2024,2,3,,"[[[73.16466137723896, 18.919714714714715], [73.21342857616129, 18.919714714714715], [73.21342857616129, 18.96584084084084], [73.16466137723896, 18.96584084084084], [73.16466137723896, 18.919714714714715]]]"
Panvel_2024_2_4.png,NDVI_Panvel_2024_2_4.tif,Panvel,2024,2,4,,"[[[73.21342857616129, 18.919714714714715], [73.26219577508363, 18.919714714714715], [73.26219577508363, 18.96584084084084], [73.21342857616129, 18.96584084084084], [73.21342857616129, 18.919714714714715]]]"
Panvel_2024_3_0.png,NDVI_Panvel_2024_3_0.tif,Panvel,2024,3,0,,"[[[73.01835978047194, 18.87358858858859], [73.06712697939427, 18.87358858858859], [73.06712697939427, 18.919714714714715], [73.01835978047194, 18.919714714714715], [73.01835978047194, 18.87358858858859]]]"
Panvel_2024_3_1.png,NDVI_Panvel_2024_3_1.tif,Panvel,2024,3,1,,"[[[73.06712697939427, 18.87358858858859], [73.11589417831661, 18.87358858858859], [73.11589417831661, 18.919714714714715], [73.06712697939427, 18.919714714714715], [73.06712697939427, 18.87358858858859]]]"
Panvel_2024_3_2.png,NDVI_Panvel_2024_3_2.tif,Panvel,2024,3,2,,"[[[73.11589417831661, 18.87358858858859], [73.16466137723896, 18.87358858858859], [73.16466137723896, 18.919714714714715], [73.11589417831661, 18.919714714714715], [73.11589417831661, 18.87358858858859]]]"
Panvel_2024_3_3.png,NDVI_Panvel_2024_3_3.tif,Panvel,2024,3,3,,"[[[73.16466137723896, 18.87358858858859], [73.21342857616129, 18.87358858858859], [73.21342857616129, 18.919714714714715], [73.16466137723896, 18.919714714714715], [73.16466137723896, 18.87358858858859]]]"
Panvel_2024_3_4.png,NDVI_Panvel_2024_3_4.tif,Panvel,2024,3,4,,"[[[73.21342857616129, 18.87358858858859], [73.26219577508363, 18.87358858858859], [73.26219577508363, 18.919714714714715], [73.21342857616129, 18.919714714714715], [73.21342857616129, 18.87358858858859]]]"
Panvel_2024_4_0.png,NDVI_Panvel_2024_4_0.tif,Panvel,2024,4,0,,"[[[73.01835978047194, 18.827462462462464], [73.06712697939427, 18.827462462462464], [73.06712697939427, 18.87358858858859], [73.01835978047194, 18.87358858858859], [73.01835978047194, 18.827462462462464]]]"
Panvel_2024_4_1.png,NDVI_Panvel_2024_4_1.tif,Panvel,2024,4,1,,"[[[73.06712697939427, 18.827462462462464], [73.11589417831661, 18.827462462462464], [73.11589417831661, 18.87358858858859], [73.06712697939427, 18.87358858858859], [73.06712697939427, 18.827462462462464]]]"
Panvel_2024_4_2.png,NDVI_Panvel_2024_4_2.tif,Panvel,2024,4,2,,"[[[73.11589417831661, 18.827462462462464], [73.16466137723896, 18.827462462462464], [73.16466137723896, 18.87358858858859], [73.11589417831661, 18.87358858858859], [73.11589417831661, 18.827462462462464]]]"
Panvel_2024_4_3.png,NDVI_Panvel_2024_4_3.tif,Panvel,2024,4,3,,"[[[73.16466137723896, 18.827462462462464], [73.21342857616129, 18.827462462462464], [73.21342857616129, 18.87358858858859], [73.16466137723896, 18.87358858858859], [73.16466137723896, 18.827462462462464]]]"
Panvel_2024_4_4.png,NDVI_Panvel_2024_4_4.tif,Panvel,2024,4,4,,"[[[73.21342857616129, 18.827462462462464], [73.26219577508363, 18.827462462462464], [73.26219577508363, 18.87358858858859], [73.21342857616129, 18.87358858858859], [73.21342857616129, 18.827462462462464]]]"
Kalyan_2018_0_0.png,NDVI_Kalyan_2018_0_0.tif,Kalyan,2018,0,0,,"[[[73.06038149200924, 19.28418918918919], [73.10922889520555, 19.28418918918919], [73.10922889520555, 19.330315315315314], [73.06038149200924, 19.330315315315314], [73.06038149200924, 19.28418918918919]]]"
Kalyan_2018_0_1.png,NDVI_Kalyan_2018_0_1.tif,Kalyan,2018,0,1,,"[[[73.10922889520555, 19.28418918918919], [73.15807629840185, 19.28418918918919], [73.15807629840185, 19.330315315315314], [73.10922889520555, 19.330315315315314], [73.10922889520555, 19.28418918918919]]]"
Kalyan_2018_0_2.png,NDVI_Kalyan_2018_0_2.tif,Kalyan,2018,0,2,,"[[[73.15807629840185, 19.28418918918919], [73.20692370159816, 19.28418918918919], [73.20692370159816, 19.330315315315314], [73.15807629840185, 19.330315315315314], [73.15807629840185, 19.28418918918919]]]"
Kalyan_2018_0_3.png,NDVI_Kalyan_2018_0_3.tif,Kalyan,2018,0,3,,"[[[73.20692370159816, 19.28418918918919], [73.25577110479446, 19.28418918918919], [73.25577110479446, 19.330315315315314], [73.20692370159816, 19.330315315315314], [73.20692370159816, 19.28418918918919]]]"
Kalyan_2018_0_4.png,NDVI_Kalyan_2018_0_4.tif,Kalyan,2018,0,4,,"[[[73.25577110479446, 19.28418918918919], [73.30461850799077, 19.28418918918919], [73.30461850799077, 19.330315315315314], [73.25577110479446, 19.330315315315314], [73.25577110479446, 19.28418918918919]]]"
Kalyan_2018_1_0.png,NDVI_Kalyan_2018_1_0.tif,Kalyan,2018,1,0,,"[[[73.06038149200924, 19.238063063063063], [73.10922889520555, 19.238063063063063], [73.10922889520555, 19.28418918918919], [73.06038149200924, 19.28418918918919], [73.06038149200924, 19.238063063063063]]]"
Kalyan_2018_1_1.png,NDVI_Kalyan_2018_1_1.tif,Kalyan,2018,1,1,,"[[[73.10922889520555, 19.238063063063063], [73.15807629840185, 19.238063063063063], [73.15807629840185, 19.28418918918919], [73.10922889520555, 19.28418918918919], [73.10922889520555, 19.238063063063063]]]"
Kalyan_2018_1_2.png,NDVI_Kalyan_2018_1_2.tif,Kalyan,2018,1,2,,"[[[73.15807629840185, 19.238063063063063], [73.20692370159816, 19.238063063063063], [73.20692370159816, 19.28418918918919], [73.15807629840185, 19.28418918918919], [73.15807629840185, 19.238063063063063]]]"
Kalyan_2018_1_3.png,NDVI_Kalyan_2018_1_3.tif,Kalyan,2018,1,3,,"[[[73.20692370159816, 19.238063063063063], [73.25577110479446, 19.238063063063063], [73.25577110479446, 19.28418918918919], [73.20692370159816, 19.28418918918919], [73.20692370159816, 19.238063063063063]]]"
Kalyan_2018_1_4.png,NDVI_Kalyan_2018_1_4.tif,Kalyan,2018,1,4,,"[[[73.25577110479446, 19.238063063063063], [73.30461850799077, 19.238063063063063], [73.30461850799077, 19.28418918918919], [73.25577110479446, 19.28418918918919], [73.25577110479446, 19.238063063063063]]]"
Kalyan_2018_2_0.png,NDVI_Kalyan_2018_2_0.tif,Kalyan,2018,2,0,,"[[[73.06038149200924, 19.191936936936937], [73.10922889520555, 19.191936936936937], [73.10922889520555, 19.238063063063063], [73.06038149200924, 19.238063063063063], [73.06038149200924, 19.191936936936937]]]"
Kalyan_2018_2_1.png,NDVI_Kalyan_2018_2_1.tif,Kalyan,2018,2,1,,"[[[73.10922889520555, 19.191936936936937], [73.15807629840185, 19.191936936936937], [73.15807629840185, 19.238063063063063], [73.10922889520555, 19.238063063063063], [73.10922889520555, 19.191936936936937]]]"
Kalyan_2018_2_2.png,NDVI_Kalyan_2018_2_2.tif,Kalyan,2018,2,2,,"[[[73.15807629840185, 19.191936936936937], [73.20692370159816, 19.191936936936937], [73.20692370159816, 19.238063063063063], [73.15807629840185, 19.238063063063063], [73.15807629840185, 19.191936936936937]]]"
Kalyan_2018_2_3.png,NDVI_Kalyan_2018_2_3.tif,Kalyan,2018,2,3,,"[[[73.20692370159816, 19.191936936936937], [73.25577110479446, 19.191936936936937], [73.25577110479446, 19.238063063063063], [73.20692370159816, 19.238063063063063], [73.20692370159816, 19.191936936936937]]]"
Kalyan_2018_2_4.png,NDVI_Kalyan_2018_2_4.tif,Kalyan,2018,2,4,,"[[[73.25577110479446, 19.191936936936937], [73.30461850799077, 19.191936936936937], [73.30461850799077, 19.238063063063063], [73.25577110479446, 19.238063063063063], [73.25577110479446, 19.191936936936937]]]"
Kalyan_2018_3_0.png,NDVI_Kalyan_2018_3_0.tif,Kalyan,2018,3,0,,"[[[73.06038149200924, 19.14581081081081], [73.10922889520555, 19.14581081081081], [73.10922889520555, 19.191936936936937], [73.06038149200924, 19.191936936936937], [73.06038149200924, 19.14581081081081]]]"
Kalyan_2018_3_1.png,NDVI_Kalyan_2018_3_1.tif,Kalyan,2018,3,1,,"[[[73.10922889520555, 19.14581081081081], [73.15807629840185, 19.14581081081081], [73.15807629840185, 19.191936936936937], [73.10922889520555, 19.191936936936937], [73.10922889520555, 19.14581081081081]]]"
Kalyan_2018_3_2.png,NDVI_Kalyan_2018_3_2.tif,Kalyan,2018,3,2,,"[[[73.15807629840185, 19.14581081081081], [73.20692370159816, 19.14581081081081], [73.20692370159816, 19.191936936936937], [73.15807629840185, 19.191936936936937], [73.15807629840185, 19.14581081081081]]]"
Kalyan_2018_3_3.png,NDVI_Kalyan_2018_3_3.tif,Kalyan,2018,3,3,,"[[[73.20692370159816, 19.14581081081081], [73.25577110479446, 19.14581081081081], [73.25577110479446, 19.191936936936937], [73.20692370159816, 19.191936936936937], [73.20692370159816, 19.14581081081081]]]"
Kalyan_2018_3_4.png,NDVI_Kalyan_2018_3_4.tif,Kalyan,2018,3,4,,"[[[73.25577110479446, 19.14581081081081], [73.30461850799077, 19.14581081081081], [73.30461850799077, 19.191936936936937], [73.25577110479446, 19.191936936936937], [73.25577110479446, 19.14581081081081]]]"
Kalyan_2018_4_0.png,NDVI_Kalyan_2018_4_0.tif,Kalyan,2018,4,0,,"[[[73.06038149200924, 19.099684684684686], [73.10922889520555, 19.099684684684686], [73.10922889520555, 19.14581081081081], [73.06038149200924, 19.14581081081081], [73.06038149200924, 19.099684684684686]]]"
Kalyan_2018_4_1.png,NDVI_Kalyan_2018_4_1.tif,Kalyan,2018,4,1,,"[[[73.10922889520555, 19.099684684684686], [73.15807629840185, 19.099684684684686], [73.15807629840185, 19.14581081081081], [73.10922889520555, 19.14581081081081], [73.10922889520555, 19.099684684684686]]]"
Kalyan_2018_4_2.png,NDVI_Kalyan_2018_4_2.tif,Kalyan,2018,4,2,,"[[[73.15807629840185, 19.099684684684686], [73.20692370159816, 19.099684684684686], [73.20692370159816, 19.14581081081081], [73.15807629840185, 19.14581081081081], [73.15807629840185, 19.099684684684686]]]"
Kalyan_2018_4_3.png,NDVI_Kalyan_2018_4_3.tif,Kalyan,2018,4,3,,"[[[73.20692370159816, 19.099684684684686], [73.25577110479446, 19.099684684684686], [73.25577110479446, 19.14581081081081], [73.20692370159816, 19.14581081081081], [73.20692370159816, 19.099684684684686]]]"
Kalyan_2018_4_4.png,NDVI_Kalyan_2018_4_4.tif,Kalyan,2018,4,4,,"[[[73.25577110479446, 19.099684684684686], [73.30461850799077, 19.099684684684686], [73.30461850799077, 19.14581081081081], [73.25577110479446, 19.14581081081081], [73.25577110479446, 19.099684684684686]]]"
Kalyan_2024_0_0.png,NDVI_Kalyan_2024_0_0.tif,Kalyan,2024,0,0,,"[[[73.06038149200924, 19.28418918918919], [73.10922889520555, 19.28418918918919], [73.10922889520555, 19.330315315315314], [73.06038149200924, 19.330315315315314], [73.06038149200924, 19.28418918918919]]]"
Kalyan_2024_0_1.png,NDVI_Kalyan_2024_0_1.tif,Kalyan,2024,0,1,,"[[[73.10922889520555, 19.28418918918919], [73.15807629840185, 19.28418918918919], [73.15807629840185, 19.330315315315314], [73.10922889520555, 19.330315315315314], [73.10922889520555, 19.28418918918919]]]"
Kalyan_2024_0_2.png,NDVI_Kalyan_2024_0_2.tif,Kalyan,2024,0,2,,"[[[73.15807629840185, 19.28418918918919], [73.20692370159816, 19.28418918918919], [73.20692370159816, 19.330315315315314], [73.15807629840185, 19.330315315315314], [73.15807629840185, 19.28418918918919]]]"
Kalyan_2024_0_3.png,NDVI_Kalyan_2024_0_3.tif,Kalyan,2024,0,3,,"[[[73.20692370159816, 19.28418918918919], [73.25577110479446, 19.28418918918919], [73.25577110479446, 19.330315315315314], [73.20692370159816, 19.330315315315314], [73.20692370159816, 19.28418918918919]]]"
Kalyan_2024_0_4.png,NDVI_Kalyan_2024_0_4.tif,Kalyan,2024,0,4,,"[[[73.25577110479446, 19.28418918918919], [73.30461850799077, 19.28418918918919], [73.30461850799077, 19.330315315315314], [73.25577110479446, 19.330315315315314], [73.25577110479446, 19.28418918918919]]]"
Kalyan_2024_1_0.png,NDVI_Kalyan_2024_1_0.tif,Kalyan,2024,1,0,,"[[[73.06038149200924, 19.238063063063063], [73.10922889520555, 19.238063063063063], [73.10922889520555, 19.28418918918919], [73.06038149200924, 19.28418918918919], [73.06038149200924, 19.238063063063063]]]"
Kalyan_2024_1_1.png,NDVI_Kalyan_2024_1_1.tif,Kalyan,2024,1,1,,"[[[73.10922889520555, 19.238063063063063], [73.15807629840185, 19.238063063063063], [73.15807629840185, 19.28418918918919], [73.10922889520555, 19.28418918918919], [73.10922889520555, 19.238063063063063]]]"
Kalyan_2024_1_2.png,NDVI_Kalyan_2024_1_2.tif,Kalyan,2024,1,2,,"[[[73.15807629840185, 19.238063063063063], [73.20692370159816, 19.238063063063063], [73.20692370159816, 19.28418918918919], [73.15807629840185, 19.28418918918919], [73.15807629840185, 19.238063063063063]]]"
Kalyan_2024_1_3.png,NDVI_Kalyan_2024_1_3.tif,Kalyan,2024,1,3,,"[[[73.20692370159816, 19.238063063063063], [73.25577110479446, 19.238063063063063], [73.25577110479446, 19.28418918918919], [73.20692370159816, 19.28418918918919], [73.20692370159816, 19.238063063063063]]]"
Kalyan_2024_1_4.png,NDVI_Kalyan_2024_1_4.tif,Kalyan,2024,1,4,,"[[[73.25577110479446, 19.238063063063063], [73.30461850799077, 19.238063063063063], [73.30461850799077, 19.28418918918919], [73.25577110479446, 19.28418918918919], [73.25577110479446, 19.238063063063063]]]"
Kalyan_2024_2_0.png,NDVI_Kalyan_2024_2_0.tif,Kalyan,2024,2,0,,"[[[73.06038149200924, 19.191936936936937], [73.10922889520555, 19.191936936936937], [73.10922889520555, 19.238063063063063], [73.06038149200924, 19.238063063063063], [73.06038149200924, 19.191936936936937]]]"
Kalyan_2024_2_1.png,NDVI_Kalyan_2024_2_1.tif,Kalyan,2024,2,1,,"[[[73.10922889520555, 19.191936936936937], [73.15807629840185, 19.191936936936937], [73.15807629840185, 19.238063063063063], [73.10922889520555, 19.238063063063063], [73.10922889520555, 19.191936936936937]]]"
Kalyan_2024_2_2.png,NDVI_Kalyan_2024_2_2.tif,Kalyan,2024,2,2,,"[[[73.15807629840185, 19.191936936936937], [73.20692370159816, 19.191936936936937], [73.20692370159816, 19.238063063063063], [73.15807629840185, 19.238063063063063], [73.15807629840185, 19.191936936936937]]]"
Kalyan_2024_2_3.png,NDVI_Kalyan_2024_2_3.tif,Kalyan,2024,2,3,,"[[[73.20692370159816, 19.191936936936937], [73.25577110479446, 19.191936936936937], [73.25577110479446, 19.238063063063063], [73.20692370159816, 19.238063063063063], [73.20692370159816, 19.191936936936937]]]"
Kalyan_2024_2_4.png,NDVI_Kalyan_2024_2_4.tif,Kalyan,2024,2,4,,"[[[73.25577110479446, 19.191936936936937], [73.30461850799077, 19.191936936936937], [73.30461850799077, 19.238063063063063], [73.25577110479446, 19.238063063063063], [73.25577110479446, 19.191936936936937]]]"
Kalyan_2024_3_0.png,NDVI_Kalyan_2024_3_0.tif,Kalyan,2024,3,0,,"[[[73.06038149200924, 19.14581081081081], [73.10922889520555, 19.14581081081081], [73.10922889520555, 19.191936936936937], [73.06038149200924, 19.191936936936937], [73.06038149200924, 19.14581081081081]]]"
Kalyan_2024_3_1.png,NDVI_Kalyan_2024_3_1.tif,Kalyan,2024,3,1,,"[[[73.10922889520555, 19.14581081081081], [73.15807629840185, 19.14581081081081], [73.15807629840185, 19.191936936936937], [73.10922889520555, 19.191936936936937], [73.10922889520555, 19.14581081081081]]]"
Kalyan_2024_3_2.png,NDVI_Kalyan_2024_3_2.tif,Kalyan,2024,3,2,,"[[[73.15807629840185, 19.14581081081081], [73.20692370159816, 19.14581081081081], [73.20692370159816, 19.191936936936937], [73.15807629840185, 19.191936936936937], [73.15807629840185, 19.14581081081081]]]"
Kalyan_2024_3_3.png,NDVI_Kalyan_2024_3_3.tif,Kalyan,2024,3,3,,"[[[73.20692370159816, 19.14581081081081], [73.25577110479446, 19.14581081081081], [73.25577110479446, 19.191936936936937], [73.20692370159816, 19.191936936936937], [73.20692370159816, 19.14581081081081]]]"
Kalyan_2024_3_4.png,NDVI_Kalyan_2024_3_4.tif,Kalyan,2024,3,4,,"[[[73.25577110479446, 19.14581081081081], [73.30461850799077, 19.14581081081081], [73.30461850799077, 19.191936936936937], [73.25577110479446, 19.191936936936937], [73.25577110479446, 19.14581081081081]]]"
Kalyan_2024_4_0.png,NDVI_Kalyan_2024_4_0.tif,Kalyan,2024,4,0,,"[[[73.06038149200924, 19.099684684684686], [73.10922889520555, 19.099684684684686], [73.10922889520555, 19.14581081081081], [73.06038149200924, 19.14581081081081], [73.06038149200924, 19.099684684684686]]]"
Kalyan_2024_4_1.png,NDVI_Kalyan_2024_4_1.tif,Kalyan,2024,4,1,,"[[[73.10922889520555, 19.099684684684686], [73.15807629840185, 19.099684684684686], [73.15807629840185, 19.14581081081081], [73.10922889520555, 19.14581081081081], [73.10922889520555, 19.099684684684686]]]"
Kalyan_2024_4_2.png,NDVI_Kalyan_2024_4_2.tif,Kalyan,2024,4,2,,"[[[73.15807629840185, 19.099684684684686], [73.20692370159816, 19.099684684684686], [73.20692370159816, 19.14581081081081], [73.15807629840185, 19.14581081081081], [73.15807629840185, 19.099684684684686]]]"
Kalyan_2024_4_3.png,NDVI_Kalyan_2024_4_3.tif,Kalyan,2024,4,3,,"[[[73.20692370159816, 19.099684684684686], [73.25577110479446, 19.099684684684686], [73.25577110479446, 19.14581081081081], [73.20692370159816, 19.14581081081081], [73.20692370159816, 19.099684684684686]]]"
Kalyan_2024_4_4.png,NDVI_Kalyan_2024_4_4.tif,Kalyan,2024,4,4,,"[[[73.25577110479446, 19.099684684684686], [73.30461850799077, 19.099684684684686], [73.30461850799077, 19.14581081081081], [73.25577110479446, 19.14581081081081], [73.25577110479446, 19.099684684684686]]]"
Thane_2018_0_0.png,NDVI_Thane_2018_0_0.tif,Thane,2018,0,0,,"[[[72.79093395196637, 19.288355855855855], [72.83978259340205, 19.288355855855855], [72.83978259340205, 19.33448198198198], [72.79093395196637, 19.33448198198198], [72.79093395196637, 19.288355855855855]]]"
Thane_2018_0_1.png,NDVI_Thane_2018_0_1.tif,Thane,2018,0,1,,"[[[72.83978259340205, 19.288355855855855], [72.88863123483772, 19.288355855855855], [72.88863123483772, 19.33448198198198], [72.83978259340205, 19.33448198198198], [72.83978259340205, 19.288355855855855]]]"
Thane_2018_0_2.png,NDVI_Thane_2018_0_2.tif,Thane,2018,0,2,,"[[[72.88863123483772, 19.288355855855855], [72.9374798762734, 19.288355855855855], [72.9374798762734, 19.33448198198198], [72.88863123483772, 19.33448198198198], [72.88863123483772, 19.288355855855855]]]"
Thane_2018_0_3.png,NDVI_Thane_2018_0_3.tif,Thane,2018,0,3,,"[[[72.9374798762734, 19.288355855855855], [72.98632851770907, 19.288355855855855], [72.98632851770907, 19.33448198198198], [72.9374798762734, 19.33448198198198], [72.9374798762734, 19.288355855855855]]]"
Thane_2018_0_4.png,NDVI_Thane_2018_0_4.tif,Thane,2018,0,4,,"[[[72.98632851770907, 19.288355855855855], [73.03517715914475, 19.288355855855855], [73.03517715914475, 19.33448198198198], [72.98632851770907, 19.33448198198198], [72.98632851770907, 19.288355855855855]]]"
Thane_2018_1_0.png,NDVI_Thane_2018_1_0.tif,Thane,2018,1,0,,"[[[72.79093395196637, 19.24222972972973], [72.83978259340205, 19.24222972972973], [72.83978259340205, 19.288355855855855], [72.79093395196637, 19.288355855855855], [72.79093395196637, 19.24222972972973]]]"
Thane_2018_1_1.png,NDVI_Thane_2018_1_1.tif,Thane,2018,1,1,,"[[[72.83978259340205, 19.24222972972973], [72.88863123483772, 19.24222972972973], [72.88863123483772, 19.288355855855855], [72.83978259340205, 19.288355855855855], [72.83978259340205, 19.24222972972973]]]"
Thane_2018_1_2.png,NDVI_Thane_2018_1_2.tif,Thane,2018,1,2,,"[[[72.88863123483772, 19.24222972972973], [72.9374798762734, 19.24222972972973], [72.9374798762734, 19.288355855855855], [72.88863123483772, 19.288355855855855], [72.88863123483772, 19.24222972972973]]]"
Thane_2018_1_3.png,NDVI_Thane_2018_1_3.tif,Thane,2018,1,3,,"[[[72.9374798762734, 19.24222972972973], [72.98632851770907, 19.24222972972973], [72.98632851770907, 19.288355855855855], [72.9374798762734, 19.288355855855855], [72.9374798762734, 19.24222972972973]]]"
Thane_2018_1_4.png,NDVI_Thane_2018_1_4.tif,Thane,2018,1,4,,"[[[72.98632851770907, 19.24222972972973], [73.03517715914475, 19.24222972972973], [73.03517715914475, 19.288355855855855], [72.98632851770907, 19.288355855855855], [72.98632851770907, 19.24222972972973]]]"
Thane_2018_2_0.png,NDVI_Thane_2018_2_0.tif,Thane,2018,2,0,,"[[[72.79093395196637, 19.196103603603603], [72.83978259340205, 19.196103603603603], [72.83978259340205, 19.24222972972973], [72.79093395196637, 19.24222972972973], [72.79093395196637, 19.196103603603603]]]"
Thane_2018_2_1.png,NDVI_Thane_2018_2_1.tif,Thane,2018,2,1,,"[[[72.83978259340205, 19.196103603603603], [72.88863123483772, 19.196103603603603], [72.88863123483772, 19.24222972972973], [72.83978259340205, 19.24222972972973], [72.83978259340205, 19.196103603603603]]]"
Thane_2018_2_2.png,NDVI_Thane_2018_2_2.tif,Thane,2018,2,2,,"[[[72.88863123483772, 19.196103603603603], [72.9374798762734, 19.196103603603603], [72.9374798762734, 19.24222972972973], [72.88863123483772, 19.24222972972973], [72.88863123483772, 19.196103603603603]]]"
Thane_2018_2_3.png,NDVI_Thane_2018_2_3.tif,Thane,2018,2,3,,"[[[72.9374798762734, 19.196103603603603], [72.98632851770907, 19.196103603603603], [72.98632851770907, 19.24222972972973], [72.9374798762734, 19.24222972972973], [72.9374798762734, 19.196103603603603]]]"
Thane_2018_2_4.png,NDVI_Thane_2018_2_4.tif,Thane,2018,2,4,,"[[[72.98632851770907, 19.196103603603603], [73.03517715914475, 19.196103603603603], [73.03517715914475, 19.24222972972973], [72.98632851770907, 19.24222972972973], [72.98632851770907, 19.196103603603603]]]"
Thane_2018_3_0.png,NDVI_Thane_2018_3_0.tif,Thane,2018,3,0,,"[[[72.79093395196637, 19.149977477477478], [72.83978259340205, 19.149977477477478], [72.83978259340205, 19.196103603603603], [72.79093395196637, 19.196103603603603], [72.79093395196637, 19.149977477477478]]]"
Thane_2018_3_1.png,NDVI_Thane_2018_3_1.tif,Thane,2018,3,1,,"[[[72.83978259340205, 19.149977477477478], [72.88863123483772, 19.149977477477478], [72.88863123483772, 19.196103603603603], [72.83978259340205, 19.196103603603603], [72.83978259340205, 19.149977477477478]]]"
Thane_2018_3_2.png,NDVI_Thane_2018_3_2.tif,Thane,2018,3,2,,"[[[72.88863123483772, 19.149977477477478], [72.9374798762734, 19.149977477477478], [72.9374798762734, 19.196103603603603], [72.88863123483772, 19.196103603603603], [72.88863123483772, 19.149977477477478]]]"
Thane_2018_3_3.png,NDVI_Thane_2018_3_3.tif,Thane,2018,3,3,,"[[[72.9374798762734, 19.149977477477478], [72.98632851770907, 19.149977477477478], [72.98632851770907, 19.196103603603603], [72.9374798762734, 19.196103603603603], [72.9374798762734, 19.149977477477478]]]"
Thane_2018_3_4.png,NDVI_Thane_2018_3_4.tif,Thane,2018,3,4,,"[[[72.98632851770907, 19.149977477477478], [73.03517715914475, 19.149977477477478], [73.03517715914475, 19.196103603603603], [72.98632851770907, 19.196103603603603], [72.98632851770907, 19.149977477477478]]]"
Thane_2018_4_0.png,NDVI_Thane_2018_4_0.tif,Thane,2018,4,0,,"[[[72.79093395196637, 19.103851351351352], [72.83978259340205, 19.103851351351352], [72.83978259340205, 19.149977477477478], [72.79093395196637, 19.149977477477478], [72.79093395196637, 19.103851351351352]]]"
Thane_2018_4_1.png,NDVI_Thane_2018_4_1.tif,Thane,2018,4,1,,"[[[72.83978259340205, 19.103851351351352], [72.88863123483772, 19.103851351351352], [72.88863123483772, 19.149977477477478], [72.83978259340205, 19.149977477477478], [72.83978259340205, 19.103851351351352]]]"
Thane_2018_4_2.png,NDVI_Thane_2018_4_2.tif,Thane,2018,4,2,,"[[[72.88863123483772, 19.103851351351352], [72.9374798762734, 19.103851351351352], [72.9374798762734, 19.149977477477478], [72.88863123483772, 19.149977477477478], [72.88863123483772, 19.103851351351352]]]"
Thane_2018_4_3.png,NDVI_Thane_2018_4_3.tif,Thane,2018,4,3,,"[[[72.9374798762734, 19.103851351351352], [72.98632851770907, 19.103851351351352], [72.98632851770907, 19.149977477477478], [72.9374798762734, 19.149977477477478], [72.9374798762734, 19.103851351351352]]]"
Thane_2018_4_4.png,NDVI_Thane_2018_4_4.tif,Thane,2018,4,4,,"[[[72.98632851770907, 19.103851351351352], [73.03517715914475, 19.103851351351352], [73.03517715914475, 19.149977477477478], [72.98632851770907, 19.149977477477478], [72.98632851770907, 19.103851351351352]]]"
Thane_2024_0_0.png,NDVI_Thane_2024_0_0.tif,Thane,2024,0,0,,"[[[72.79093395196637, 19.288355855855855], [72.83978259340205, 19.288355855855855], [72.83978259340205, 19.33448198198198], [72.79093395196637, 19.33448198198198], [72.79093395196637, 19.288355855855855]]]"
Thane_2024_0_1.png,NDVI_Thane_2024_0_1.tif,Thane,2024,0,1,,"[[[72.83978259340205, 19.288355855855855], [72.88863123483772, 19.288355855855855], [72.88863123483772, 19.33448198198198], [72.83978259340205, 19.33448198198198], [72.83978259340205, 19.288355855855855]]]"
Thane_2024_0_2.png,NDVI_Thane_2024_0_2.tif,Thane,2024,0,2,,"[[[72.88863123483772, 19.288355855855855], [72.9374798762734, 19.288355855855855], [72.9374798762734, 19.33448198198198], [72.88863123483772, 19.33448198198198], [72.88863123483772, 19.288355855855855]]]"
Thane_2024_0_3.png,NDVI_Thane_2024_0_3.tif,Thane,2024,0,3,,"[[[72.9374798762734, 19.288355855855855], [72.98632851770907, 19.288355855855855], [72.98632851770907, 19.33448198198198], [72.9374798762734, 19.33448198198198], [72.9374798762734, 19.288355855855855]]]"
Thane_2024_0_4.png,NDVI_Thane_2024_0_4.tif,Thane,2024,0,4,,"[[[72.98632851770907, 19.288355855855855], [73.03517715914475, 19.288355855855855], [73.03517715914475, 19.33448198198198], [72.98632851770907, 19.33448198198198], [72.98632851770907, 19.288355855855855]]]"
Thane_2024_1_0.png,NDVI_Thane_2024_1_0.tif,Thane,2024,1,0,,"[[[72.79093395196637, 19.24222972972973], [72.83978259340205, 19.24222972972973], [72.83978259340205, 19.288355855855855], [72.79093395196637, 19.288355855855855], [72.79093395196637, 19.24222972972973]]]"
Thane_2024_1_1.png,NDVI_Thane_2024_1_1.tif,Thane,2024,1,1,,"[[[72.83978259340205, 19.24222972972973], [72.88863123483772, 19.24222972972973], [72.88863123483772, 19.288355855855855], [72.83978259340205, 19.288355855855855], [72.83978259340205, 19.24222972972973]]]"
Thane_2024_1_2.png,NDVI_Thane_2024_1_2.tif,Thane,2024,1,2,,"[[[72.88863123483772, 19.24222972972973], [72.9374798762734, 19.24222972972973], [72.9374798762734, 19.288355855855855], [72.88863123483772, 19.288355855855855], [72.88863123483772, 19.24222972972973]]]"
Thane_2024_1_3.png,NDVI_Thane_2024_1_3.tif,Thane,2024,1,3,,"[[[72.9374798762734, 19.24222972972973], [72.98632851770907, 19.24222972972973], [72.98632851770907, 19.288355855855855], [72.9374798762734, 19.288355855855855], [72.9374798762734, 19.24222972972973]]]"
Thane_2024_1_4.png,NDVI_Thane_2024_1_4.tif,Thane,2024,1,4,,"[[[72.98632851770907, 19.24222972972973], [73.03517715914475, 19.24222972972973], [73.03517715914475, 19.288355855855855], [72.98632851770907, 19.288355855855855], [72.98632851770907, 19.24222972972973]]]"
Thane_2024_2_0.png,NDVI_Thane_2024_2_0.tif,Thane,2024,2,0,,"[[[72.79093395196637, 19.196103603603603], [72.83978259340205, 19.196103603603603], [72.83978259340205, 19.24222972972973], [72.79093395196637, 19.24222972972973], [72.79093395196637, 19.196103603603603]]]"
Thane_2024_2_1.png,NDVI_Thane_2024_2_1.tif,Thane,2024,2,1,,"[[[72.83978259340205, 19.196103603603603], [72.88863123483772, 19.196103603603603], [72.88863123483772, 19.24222972972973], [72.83978259340205, 19.24222972972973], [72.83978259340205, 19.196103603603603]]]"
Thane_2024_2_2.png,NDVI_Thane_2024_2_2.tif,Thane,2024,2,2,,"[[[72.88863123483772, 19.196103603603603], [72.9374798762734, 19.196103603603603], [72.9374798762734, 19.24222972972973], [72.88863123483772, 19.24222972972973], [72.88863123483772, 19.196103603603603]]]"
Thane_2024_2_3.png,NDVI_Thane_2024_2_3.tif,Thane,2024,2,3,,"[[[72.9374798762734, 19.196103603603603], [72.98632851770907, 19.196103603603603], [72.98632851770907, 19.24222972972973], [72.9374798762734, 19.24222972972973], [72.9374798762734, 19.196103603603603]]]"
Thane_2024_2_4.png,NDVI_Thane_2024_2_4.tif,Thane,2024,2,4,,"[[[72.98632851770907, 19.196103603603603], [73.03517715914475, 19.196103603603603], [73.03517715914475, 19.24222972972973], [72.98632851770907, 19.24222972972973], [72.98632851770907, 19.196103603603603]]]"
Thane_2024_3_0.png,NDVI_Thane_2024_3_0.tif,Thane,2024,3,0,,"[[[72.79093395196637, 19.149977477477478], [72.83978259340205, 19.149977477477478], [72.83978259340205, 19.196103603603603], [72.79093395196637, 19.196103603603603], [72.79093395196637, 19.149977477477478]]]"
Thane_2024_3_1.png,NDVI_Thane_2024_3_1.tif,Thane,2024,3,1,,"[[[72.83978259340205, 19.149977477477478], [72.88863123483772, 19.149977477477478], [72.88863123483772, 19.196103603603603], [72.83978259340205, 19.196103603603603], [72.83978259340205, 19.149977477477478]]]"
Thane_2024_3_2.png,NDVI_Thane_2024_3_2.tif,Thane,2024,3,2,,"[[[72.88863123483772, 19.149977477477478], [72.9374798762734, 19.149977477477478], [72.9374798762734, 19.196103603603603], [72.88863123483772, 19.196103603603603], [72.88863123483772, 19.149977477477478]]]"
Thane_2024_3_3.png,NDVI_Thane_2024_3_3.tif,Thane,2024,3,3,,"[[[72.9374798762734, 19.149977477477478], [72.98632851770907, 19.149977477477478], [72.98632851770907, 19.196103603603603], [72.9374798762734, 19.196103603603603], [72.9374798762734, 19.149977477477478]]]"
Thane_2024_3_4.png,NDVI_Thane_2024_3_4.tif,Thane,2024,3,4,,"[[[72.98632851770907, 19.149977477477478], [73.03517715914475, 19.149977477477478], [73.03517715914475, 19.196103603603603], [72.98632851770907, 19.196103603603603], [72.98632851770907, 19.149977477477478]]]"
Thane_2024_4_0.png,NDVI_Thane_2024_4_0.tif,Thane,2024,4,0,,"[[[72.79093395196637, 19.103851351351352], [72.83978259340205, 19.103851351351352], [72.83978259340205, 19.149977477477478], [72.79093395196637, 19.149977477477478], [72.79093395196637, 19.103851351351352]]]"
Thane_2024_4_1.png,NDVI_Thane_2024_4_1.tif,Thane,2024,4,1,,"[[[72.83978259340205, 19.103851351351352], [72.88863123483772, 19.103851351351352], [72.88863123483772, 19.149977477477478], [72.83978259340205, 19.149977477477478], [72.83978259340205, 19.103851351351352]]]"
Thane_2024_4_2.png,NDVI_Thane_2024_4_2.tif,Thane,2024,4,2,,"[[[72.88863123483772, 19.103851351351352], [72.9374798762734, 19.103851351351352], [72.9374798762734, 19.149977477477478], [72.88863123483772, 19.149977477477478], [72.88863123483772, 19.103851351351352]]]"
Thane_2024_4_3.png,NDVI_Thane_2024_4_3.tif,Thane,2024,4,3,,"[[[72.9374798762734, 19.103851351351352], [72.98632851770907, 19.103851351351352], [72.98632851770907, 19.149977477477478], [72.9374798762734, 19.149977477477478], [72.9374798762734, 19.103851351351352]]]"
Thane_2024_4_4.png,NDVI_Thane_2024_4_4.tif,Thane,2024,4,4,,"[[[72.98632851770907, 19.103851351351352], [73.03517715914475, 19.103851351351352], [73.03517715914475, 19.149977477477478], [72.98632851770907, 19.149977477477478], [72.98632851770907, 19.103851351351352]]]"
Tirunveli_2018_0_0.png,NDVI_Tirunveli_2018_0_0.tif,Tirunveli,2018,0,0,,"[[[77.64861568281465, 8.783633633633634], [77.6952805207999, 8.783633633633634], [77.6952805207999, 8.82975975975976], [77.64861568281465, 8.82975975975976], [77.64861568281465, 8.783633633633634]]]"
Tirunveli_2018_0_1.png,NDVI_Tirunveli_2018_0_1.tif,Tirunveli,2018,0,1,,"[[[77.6952805207999, 8.783633633633634], [77.74194535878516, 8.783633633633634], [77.74194535878516, 8.82975975975976], [77.6952805207999, 8.82975975975976], [77.6952805207999, 8.783633633633634]]]"
Tirunveli_2018_0_2.png,NDVI_Tirunveli_2018_0_2.tif,Tirunveli,2018,0,2,,"[[[77.74194535878516, 8.783633633633634], [77.7886101967704, 8.783633633633634], [77.7886101967704, 8.82975975975976], [77.74194535878516, 8.82975975975976], [77.74194535878516, 8.783633633633634]]]"
Tirunveli_2018_0_3.png,NDVI_Tirunveli_2018_0_3.tif,Tirunveli,2018,0,3,,"[[[77.7886101967704, 8.783633633633634], [77.83527503475567, 8.783633633633634], [77.83527503475567, 8.82975975975976], [77.7886101967704, 8.82975975975976], [77.7886101967704, 8.783633633633634]]]"
Tirunveli_2018_0_4.png,NDVI_Tirunveli_2018_0_4.tif,Tirunveli,2018,0,4,,"[[[77.83527503475567, 8.783633633633634], [77.88193987274092, 8.783633633633634], [77.88193987274092, 8.82975975975976], [77.83527503475567, 8.82975975975976], [77.83527503475567, 8.783633633633634]]]"
Tirunveli_2018_1_0.png,NDVI_Tirunveli_2018_1_0.tif,Tirunveli,2018,1,0,,"[[[77.64861568281465, 8.737507507507507], [77.6952805207999, 8.737507507507507], [77.6952805207999, 8.783633633633634], [77.64861568281465, 8.783633633633634], [77.64861568281465, 8.737507507507507]]]"
Tirunveli_2018_1_1.png,NDVI_Tirunveli_2018_1_1.tif,Tirunveli,2018,1,1,,"[[[77.6952805207999, 8.737507507507507], [77.74194535878516, 8.737507507507507], [77.74194535878516, 8.783633633633634], [77.6952805207999, 8.783633633633634], [77.6952805207999, 8.737507507507507]]]"
Tirunveli_2018_1_2.png,NDVI_Tirunveli_2018_1_2.tif,Tirunveli,2018,1,2,,"[[[77.74194535878516, 8.737507507507507], [77.7886101967704, 8.737507507507507], [77.7886101967704, 8.783633633633634], [77.74194535878516, 8.783633633633634], [77.74194535878516, 8.737507507507507]]]"
Tirunveli_2018_1_3.png,NDVI_Tirunveli_2018_1_3.tif,Tirunveli,2018,1,3,,"[[[77.7886101967704, 8.737507507507507], [77.83527503475567, 8.737507507507507], [77.83527503475567, 8.783633633633634], [77.7886101967704, 8.783633633633634], [77.7886101967704, 8.737507507507507]]]"
Tirunveli_2018_1_4.png,NDVI_Tirunveli_2018_1_4.tif,Tirunveli,2018,1,4,,"[[[77.83527503475567, 8.737507507507507], [77.88193987274092, 8.737507507507507], [77.88193987274092, 8.783633633633634], [77.83527503475567, 8.783633633633634], [77.83527503475567, 8.737507507507507]]]"
Tirunveli_2018_2_0.png,NDVI_Tirunveli_2018_2_0.tif,Tirunveli,2018,2,0,,"[[[77.64861568281465, 8.691381381381381], [77.6952805207999, 8.691381381381381], [77.6952805207999, 8.737507507507507], [77.64861568281465, 8.737507507507507], [77.64861568281465, 8.691381381381381]]]"
Tirunveli_2018_2_1.png,NDVI_Tirunveli_2018_2_1.tif,Tirunveli,2018,2,1,,"[[[77.6952805207999, 8.691381381381381], [77.74194535878516, 8.691381381381381], [77.74194535878516, 8.737507507507507], [77.6952805207999, 8.737507507507507], [77.6952805207999, 8.691381381381381]]]"
Tirunveli_2018_2_2.png,NDVI_Tirunveli_2018_2_2.tif,Tirunveli,2018,2,2,,"[[[77.74194535878516, 8.691381381381381], [77.7886101967704, 8.691381381381381], [77.7886101967704, 8.737507507507507], [77.74194535878516, 8.737507507507507], [77.74194535878516, 8.691381381381381]]]"
Tirunveli_2018_2_3.png,NDVI_Tirunveli_2018_2_3.tif,Tirunveli,2018,2,3,,"[[[77.7886101967704, 8.691381381381381], [77.83527503475567, 8.691381381381381], [77.83527503475567, 8.737507507507507], [77.7886101967704, 8.737507507507507], [77.7886101967704, 8.691381381381381]]]"
Tirunveli_2018_2_4.png,NDVI_Tirunveli_2018_2_4.tif,Tirunveli,2018,2,4,,"[[[77.83527503475567, 8.691381381381381], [77.88193987274092, 8.691381381381381], [77.88193987274092, 8.737507507507507], [77.83527503475567, 8.737507507507507], [77.83527503475567, 8.691381381381381]]]"
Tirunveli_2018_3_0.png,NDVI_Tirunveli_2018_3_0.tif,Tirunveli,2018,3,0,,"[[[77.64861568281465, 8.645255255255254], [77.6952805207999, 8.645255255255254], [77.6952805207999, 8.691381381381381], [77.64861568281465, 8.691381381381381], [77.64861568281465, 8.645255255255254]]]"
Tirunveli_2018_3_1.png,NDVI_Tirunveli_2018_3_1.tif,Tirunveli,2018,3,1,,"[[[77.6952805207999, 8.645255255255254], [77.74194535878516, 8.645255255255254], [77.74194535878516, 8.691381381381381], [77.6952805207999, 8.691381381381381], [77.6952805207999, 8.645255255255254]]]"
Tirunveli_2018_3_2.png,NDVI_Tirunveli_2018_3_2.tif,Tirunveli,2018,3,2,,"[[[77.74194535878516, 8.645255255255254], [77.7886101967704, 8.645255255255254], [77.7886101967704, 8.691381381381381], [77.74194535878516, 8.691381381381381], [77.74194535878516, 8.645255255255254]]]"
Tirunveli_2018_3_3.png,NDVI_Tirunveli_2018_3_3.tif,Tirunveli,2018,3,3,,"[[[77.7886101967704, 8.645255255255254], [77.83527503475567, 8.645255255255254], [77.83527503475567, 8.691381381381381], [77.7886101967704, 8.691381381381381], [77.7886101967704, 8.645255255255254]]]"
Tirunveli_2018_3_4.png,NDVI_Tirunveli_2018_3_4.tif,Tirunveli,2018,3,4,,"[[[77.83527503475567, 8.645255255255254], [77.88193987274092, 8.645255255255254], [77.88193987274092, 8.691381381381381], [77.83527503475567, 8.691381381381381], [77.83527503475567, 8.645255255255254]]]"
Tirunveli_2018_4_0.png,NDVI_Tirunveli_2018_4_0.tif,Tirunveli,2018,4,0,,"[[[77.64861568281465, 8.599129129129128], [77.6952805207999, 8.599129129129128], [77.6952805207999, 8.645255255255254], [77.64861568281465, 8.645255255255254], [77.64861568281465, 8.599129129129128]]]"
Tirunveli_2018_4_1.png,NDVI_Tirunveli_2018_4_1.tif,Tirunveli,2018,4,1,,"[[[77.6952805207999, 8.599129129129128], [77.74194535878516, 8.599129129129128], [77.74194535878516, 8.645255255255254], [77.6952805207999, 8.645255255255254], [77.6952805207999, 8.599129129129128]]]"
Tirunveli_2018_4_2.png,NDVI_Tirunveli_2018_4_2.tif,Tirunveli,2018,4,2,,"[[[77.74194535878516, 8.599129129129128], [77.7886101967704, 8.599129129129128], [77.7886101967704, 8.645255255255254], [77.74194535878516, 8.645255255255254], [77.74194535878516, 8.599129129129128]]]"
Tirunveli_2018_4_3.png,NDVI_Tirunveli_2018_4_3.tif,Tirunveli,2018,4,3,,"[[[77.7886101967704, 8.599129129129128], [77.83527503475567, 8.599129129129128], [77.83527503475567, 8.645255255255254], [77.7886101967704, 8.645255255255254], [77.7886101967704, 8.599129129129128]]]"
Tirunveli_2018_4_4.png,NDVI_Tirunveli_2018_4_4.tif,Tirunveli,2018,4,4,,"[[[77.83527503475567, 8.599129129129128], [77.88193987274092, 8.599129129129128], [77.88193987274092, 8.645255255255254], [77.83527503475567, 8.645255255255254], [77.83527503475567, 8.599129129129128]]]"
Tirunveli_2024_0_0.png,NDVI_Tirunveli_2024_0_0.tif,Tirunveli,2024,0,0,,"[[[77.64861568281465, 8.783633633633634], [77.6952805207999, 8.783633633633634], [77.6952805207999, 8.82975975975976], [77.64861568281465, 8.82975975975976], [77.64861568281465, 8.783633633633634]]]"
Tirunveli_2024_0_1.png,NDVI_Tirunveli_2024_0_1.tif,Tirunveli,2024,0,1,,"[[[77.6952805207999, 8.783633633633634], [77.74194535878516, 8.783633633633634], [77.74194535878516, 8.82975975975976], [77.6952805207999, 8.82975975975976], [77.6952805207999, 8.783633633633634]]]"
Tirunveli_2024_0_2.png,NDVI_Tirunveli_2024_0_2.tif,Tirunveli,2024,0,2,,"[[[77.74194535878516, 8.783633633633634], [77.7886101967704, 8.783633633633634], [77.7886101967704, 8.82975975975976], [77.74194535878516, 8.82975975975976], [77.74194535878516, 8.783633633633634]]]"
Tirunveli_2024_0_3.png,NDVI_Tirunveli_2024_0_3.tif,Tirunveli,2024,0,3,,"[[[77.7886101967704, 8.783633633633634], [77.83527503475567, 8.783633633633634], [77.83527503475567, 8.82975975975976], [77.7886101967704, 8.82975975975976], [77.7886101967704, 8.783633633633634]]]"
Tirunveli_2024_0_4.png,NDVI_Tirunveli_2024_0_4.tif,Tirunveli,2024,0,4,,"[[[77.83527503475567, 8.783633633633634], [77.88193987274092, 8.783633633633634], [77.88193987274092, 8.82975975975976], [77.83527503475567, 8.82975975975976], [77.83527503475567, 8.783633633633634]]]"
Tirunveli_2024_1_0.png,NDVI_Tirunveli_2024_1_0.tif,Tirunveli,2024,1,0,,"[[[77.64861568281465, 8.737507507507507], [77.6952805207999, 8.737507507507507], [77.6952805207999, 8.783633633633634], [77.64861568281465, 8.783633633633634], [77.64861568281465, 8.737507507507507]]]"
Tirunveli_2024_1_1.png,NDVI_Tirunveli_2024_1_1.tif,Tirunveli,2024,1,1,,"[[[77.6952805207999, 8.737507507507507], [77.74194535878516, 8.737507507507507], [77.74194535878516, 8.783633633633634], [77.6952805207999, 8.783633633633634], [77.6952805207999, 8.737507507507507]]]"
Tirunveli_2024_1_2.png,NDVI_Tirunveli_2024_1_2.tif,Tirunveli,2024,1,2,,"[[[77.74194535878516, 8.737507507507507], [77.7886101967704, 8.737507507507507], [77.7886101967704, 8.783633633633634], [77.74194535878516, 8.783633633633634], [77.74194535878516, 8.737507507507507]]]"
Tirunveli_2024_1_3.png,NDVI_Tirunveli_2024_1_3.tif,Tirunveli,2024,1,3,,"[[[77.7886101967704, 8.737507507507507], [77.83527503475567, 8.737507507507507], [77.83527503475567, 8.783633633633634], [77.7886101967704, 8.783633633633634], [77.7886101967704, 8.737507507507507]]]"
Tirunveli_2024_1_4.png,NDVI_Tirunveli_2024_1_4.tif,Tirunveli,2024,1,4,,"[[[77.83527503475567, 8.737507507507507], [77.88193987274092, 8.737507507507507], [77.88193987274092, 8.783633633633634], [77.83527503475567, 8.783633633633634], [77.83527503475567, 8.737507507507507]]]"
Tirunveli_2024_2_0.png,NDVI_Tirunveli_2024_2_0.tif,Tirunveli,2024,2,0,,"[[[77.64861568281465, 8.691381381381381], [77.6952805207999, 8.691381381381381], [77.6952805207999, 8.737507507507507], [77.64861568281465, 8.737507507507507], [77.64861568281465, 8.691381381381381]]]"
Tirunveli_2024_2_1.png,NDVI_Tirunveli_2024_2_1.tif,Tirunveli,2024,2,1,,"[[[77.6952805207999, 8.691381381381381], [77.74194535878516, 8.691381381381381], [77.74194535878516, 8.737507507507507], [77.6952805207999, 8.737507507507507], [77.6952805207999, 8.691381381381381]]]"
Tirunveli_2024_2_2.png,NDVI_Tirunveli_2024_2_2.tif,Tirunveli,2024,2,2,,"[[[77.74194535878516, 8.691381381381381], [77.7886101967704, 8.691381381381381], [77.7886101967704, 8.737507507507507], [77.74194535878516, 8.737507507507507], [77.74194535878516, 8.691381381381381]]]"
Tirunveli_2024_2_3.png,NDVI_Tirunveli_2024_2_3.tif,Tirunveli,2024,2,3,,"[[[77.7886101967704, 8.691381381381381], [77.83527503475567, 8.691381381381381], [77.83527503475567, 8.737507507507507], [77.7886101967704, 8.737507507507507], [77.7886101967704, 8.691381381381381]]]"
Tirunveli_2024_2_4.png,NDVI_Tirunveli_2024_2_4.tif,Tirunveli,2024,2,4,,"[[[77.83527503475567, 8.691381381381381], [77.88193987274092, 8.691381381381381], [77.88193987274092, 8.737507507507507], [77.83527503475567, 8.737507507507507], [77.83527503475567, 8.691381381381381]]]"
Tirunveli_2024_3_0.png,NDVI_Tirunveli_2024_3_0.tif,Tirunveli,2024,3,0,,"[[[77.64861568281465, 8.645255255255254], [77.6952805207999, 8.645255255255254], [77.6952805207999, 8.691381381381381], [77.64861568281465, 8.691381381381381], [77.64861568281465, 8.645255255255254]]]"
Tirunveli_2024_3_1.png,NDVI_Tirunveli_2024_3_1.tif,Tirunveli,2024,3,1,,"[[[77.6952805207999, 8.645255255255254], [77.74194535878516, 8.645255255255254], [77.74194535878516, 8.691381381381381], [77.6952805207999, 8.691381381381381], [77.6952805207999, 8.645255255255254]]]"
Tirunveli_2024_3_2.png,NDVI_Tirunveli_2024_3_2.tif,Tirunveli,2024,3,2,,"[[[77.74194535878516, 8.645255255255254], [77.7886101967704, 8.645255255255254], [77.7886101967704, 8.691381381381381], [77.74194535878516, 8.691381381381381], [77.74194535878516, 8.645255255255254]]]"
Tirunveli_2024_3_3.png,NDVI_Tirunveli_2024_3_3.tif,Tirunveli,2024,3,3,,"[[[77.7886101967704, 8.645255255255254], [77.83527503475567, 8.645255255255254], [77.83527503475567, 8.691381381381381], [77.7886101967704, 8.691381381381381], [77.7886101967704, 8.645255255255254]]]"
Tirunveli_2024_3_4.png,NDVI_Tirunveli_2024_3_4.tif,Tirunveli,2024,3,4,,"[[[77.83527503475567, 8.645255255255254], [77.88193987274092, 8.645255255255254], [77.88193987274092, 8.691381381381381], [77.83527503475567, 8.691381381381381], [77.83527503475567, 8.645255255255254]]]"
Tirunveli_2024_4_0.png,NDVI_Tirunveli_2024_4_0.tif,Tirunveli,2024,4,0,,"[[[77.64861568281465, 8.599129129129128], [77.6952805207999, 8.599129129129128], [77.6952805207999, 8.645255255255254], [77.64861568281465, 8.645255255255254], [77.64861568281465, 8.599129129129128]]]"
Tirunveli_2024_4_1.png,NDVI_Tirunveli_2024_4_1.tif,Tirunveli,2024,4,1,,"[[[77.6952805207999, 8.599129129129128], [77.74194535878516, 8.599129129129128], [77.74194535878516, 8.645255255255254], [77.6952805207999, 8.645255255255254], [77.6952805207999, 8.599129129129128]]]"
Tirunveli_2024_4_2.png,NDVI_Tirunveli_2024_4_2.tif,Tirunveli,2024,4,2,,"[[[77.74194535878516, 8.599129129129128], [77.7886101967704, 8.599129129129128], [77.7886101967704, 8.645255255255254], [77.74194535878516, 8.645255255255254], [77.74194535878516, 8.599129129129128]]]"
Tirunveli_2024_4_3.png,NDVI_Tirunveli_2024_4_3.tif,Tirunveli,2024,4,3,,"[[[77.7886101967704, 8.599129129129128], [77.83527503475567, 8.599129129129128], [77.83527503475567, 8.645255255255254], [77.7886101967704, 8.645255255255254], [77.7886101967704, 8.599129129129128]]]"
Tirunveli_2024_4_4.png,NDVI_Tirunveli_2024_4_4.tif,Tirunveli,2024,4,4,,"[[[77.83527503475567, 8.599129129129128], [77.88193987274092, 8.599129129129128], [77.88193987274092, 8.645255255255254], [77.83527503475567, 8.645255255255254], [77.83527503475567, 8.599129129129128]]]"
Vilupuram_2018_0_0.png,NDVI_Vilupuram_2018_0_0.tif,Vilupuram,2018,0,0,,"[[[79.36880155114102, 12.008633633633634], [79.41594759735128, 12.008633633633634], [79.41594759735128, 12.05475975975976], [79.36880155114102, 12.05475975975976], [79.36880155114102, 12.008633633633634]]]"
Vilupuram_2018_0_1.png,NDVI_Vilupuram_2018_0_1.tif,Vilupuram,2018,0,1,,"[[[79.41594759735128, 12.008633633633634], [79.46309364356154, 12.008633633633634], [79.46309364356154, 12.05475975975976], [79.41594759735128, 12.05475975975976], [79.41594759735128, 12.008633633633634]]]"
Vilupuram_2018_0_2.png,NDVI_Vilupuram_2018_0_2.tif,Vilupuram,2018,0,2,,"[[[79.46309364356154, 12.008633633633634], [79.5102396897718, 12.008633633633634], [79.5102396897718, 12.05475975975976], [79.46309364356154, 12.05475975975976], [79.46309364356154, 12.008633633633634]]]"
Vilupuram_2018_0_3.png,NDVI_Vilupuram_2018_0_3.tif,Vilupuram,2018,0,3,,"[[[79.5102396897718, 12.008633633633634], [79.55738573598205, 12.008633633633634], [79.55738573598205, 12.05475975975976], [79.5102396897718, 12.05475975975976], [79.5102396897718, 12.008633633633634]]]"
Vilupuram_2018_0_4.png,NDVI_Vilupuram_2018_0_4.tif,Vilupuram,2018,0,4,,"[[[79.55738573598205, 12.008633633633634], [79.60453178219231, 12.008633633633634], [79.60453178219231, 12.05475975975976], [79.55738573598205, 12.05475975975976], [79.55738573598205, 12.008633633633634]]]"
Vilupuram_2018_1_0.png,NDVI_Vilupuram_2018_1_0.tif,Vilupuram,2018,1,0,,"[[[79.36880155114102, 11.962507507507507], [79.41594759735128, 11.962507507507507], [79.41594759735128, 12.008633633633634], [79.36880155114102, 12.008633633633634], [79.36880155114102, 11.962507507507507]]]"
Vilupuram_2018_1_1.png,NDVI_Vilupuram_2018_1_1.tif,Vilupuram,2018,1,1,,"[[[79.41594759735128, 11.962507507507507], [79.46309364356154, 11.962507507507507], [79.46309364356154, 12.008633633633634], [79.41594759735128, 12.008633633633634], [79.41594759735128, 11.962507507507507]]]"
Vilupuram_2018_1_2.png,NDVI_Vilupuram_2018_1_2.tif,Vilupuram,2018,1,2,,"[[[79.46309364356154, 11.962507507507507], [79.5102396897718, 11.962507507507507], [79.5102396897718, 12.008633633633634], [79.46309364356154, 12.008633633633634], [79.46309364356154, 11.962507507507507]]]"
Vilupuram_2018_1_3.png,NDVI_Vilupuram_2018_1_3.tif,Vilupuram,2018,1,3,,"[[[79.5102396897718, 11.962507507507507], [79.55738573598205, 11.962507507507507], [79.55738573598205, 12.008633633633634], [79.5102396897718, 12.008633633633634], [79.5102396897718, 11.962507507507507]]]"
Vilupuram_2018_1_4.png,NDVI_Vilupuram_2018_1_4.tif,Vilupuram,2018,1,4,,"[[[79.55738573598205, 11.962507507507507], [79.60453178219231, 11.962507507507507], [79.60453178219231, 12.008633633633634], [79.55738573598205, 12.008633633633634], [79.55738573598205, 11.962507507507507]]]"
Vilupuram_2018_2_0.png,NDVI_Vilupuram_2018_2_0.tif,Vilupuram,2018,2,0,,"[[[79.36880155114102, 11.916381381381381], [79.41594759735128, 11.916381381381381], [79.41594759735128, 11.962507507507507], [79.36880155114102, 11.962507507507507], [79.36880155114102, 11.916381381381381]]]"
Vilupuram_2018_2_1.png,NDVI_Vilupuram_2018_2_1.tif,Vilupuram,2018,2,1,,"[[[79.41594759735128, 11.916381381381381], [79.46309364356154, 11.916381381381381], [79.46309364356154, 11.962507507507507], [79.41594759735128, 11.962507507507507], [79.41594759735128, 11.916381381381381]]]"
Vilupuram_2018_2_2.png,NDVI_Vilupuram_2018_2_2.tif,Vilupuram,2018,2,2,,"[[[79.46309364356154, 11.916381381381381], [79.5102396897718, 11.916381381381381], [79.5102396897718, 11.962507507507507], [79.46309364356154, 11.962507507507507], [79.46309364356154, 11.916381381381381]]]"
Vilupuram_2018_2_3.png,NDVI_Vilupuram_2018_2_3.tif,Vilupuram,2018,2,3,,"[[[79.5102396897718, 11.916381381381381], [79.55738573598205, 11.916381381381381], [79.55738573598205, 11.962507507507507], [79.5102396897718, 11.962507507507507], [79.5102396897718, 11.916381381381381]]]"
Vilupuram_2018_2_4.png,NDVI_Vilupuram_2018_2_4.tif,Vilupuram,2018,2,4,,"[[[79.55738573598205, 11.916381381381381], [79.60453178219231, 11.916381381381381], [79.60453178219231, 11.962507507507507], [79.55738573598205, 11.962507507507507], [79.55738573598205, 11.916381381381381]]]"
Vilupuram_2018_3_0.png,NDVI_Vilupuram_2018_3_0.tif,Vilupuram,2018,3,0,,"[[[79.36880155114102, 11.870255255255254], [79.41594759735128, 11.870255255255254], [79.41594759735128, 11.916381381381381], [79.36880155114102, 11.916381381381381], [79.36880155114102, 11.870255255255254]]]"
Vilupuram_2018_3_1.png,NDVI_Vilupuram_2018_3_1.tif,Vilupuram,2018,3,1,,"[[[79.41594759735128, 11.870255255255254], [79.46309364356154, 11.870255255255254], [79.46309364356154, 11.916381381381381], [79.41594759735128, 11.916381381381381], [79.41594759735128, 11.870255255255254]]]"
Vilupuram_2018_3_2.png,NDVI_Vilupuram_2018_3_2.tif,Vilupuram,2018,3,2,,"[[[79.46309364356154, 11.870255255255254], [79.5102396897718, 11.870255255255254], [79.5102396897718, 11.916381381381381], [79.46309364356154, 11.916381381381381], [79.46309364356154, 11.870255255255254]]]"
Vilupuram_2018_3_3.png,NDVI_Vilupuram_2018_3_3.tif,Vilupuram,2018,3,3,,"[[[79.5102396897718, 11.870255255255254], [79.55738573598205, 11.870255255255254], [79.55738573598205, 11.916381381381381], [79.5102396897718, 11.916381381381381], [79.5102396897718, 11.870255255255254]]]"
Vilupuram_2018_3_4.png,NDVI_Vilupuram_2018_3_4.tif,Vilupuram,2018,3,4,,"[[[79.55738573598205, 11.870255255255254], [79.60453178219231, 11.870255255255254], [79.60453178219231, 11.916381381381381], [79.55738573598205, 11.916381381381381], [79.55738573598205, 11.870255255255254]]]"
Vilupuram_2018_4_0.png,NDVI_Vilupuram_2018_4_0.tif,Vilupuram,2018,4,0,,"[[[79.36880155114102, 11.824129129129128], [79.41594759735128, 11.824129129129128], [79.41594759735128, 11.870255255255254], [79.36880155114102, 11.870255255255254], [79.36880155114102, 11.824129129129128]]]"
Vilupuram_2018_4_1.png,NDVI_Vilupuram_2018_4_1.tif,Vilupuram,2018,4,1,,"[[[79.41594759735128, 11.824129129129128], [79.46309364356154, 11.824129129129128], [79.46309364356154, 11.870255255255254], [79.41594759735128, 11.870255255255254], [79.41594759735128, 11.824129129129128]]]"
Vilupuram_2018_4_2.png,NDVI_Vilupuram_2018_4_2.tif,Vilupuram,2018,4,2,,"[[[79.46309364356154, 11.824129129129128], [79.5102396897718, 11.824129129129128], [79.5102396897718, 11.870255255255254], [79.46309364356154, 11.870255255255254], [79.46309364356154, 11.824129129129128]]]"
Vilupuram_2018_4_3.png,NDVI_Vilupuram_2018_4_3.tif,Vilupuram,2018,4,3,,"[[[79.5102396897718, 11.824129129129128], [79.55738573598205, 11.824129129129128], [79.55738573598205, 11.870255255255254], [79.5102396897718, 11.870255255255254], [79.5102396897718, 11.824129129129128]]]"
Vilupuram_2018_4_4.png,NDVI_Vilupuram_2018_4_4.tif,Vilupuram,2018,4,4,,"[[[79.55738573598205, 11.824129129129128], [79.60453178219231, 11.824129129129128], [79.60453178219231, 11.870255255255254], [79.55738573598205, 11.870255255255254], [79.55738573598205, 11.824129129129128]]]"
Vilupuram_2024_0_0.png,NDVI_Vilupuram_2024_0_0.tif,Vilupuram,2024,0,0,,"[[[79.36880155114102, 12.008633633633634], [79.41594759735128, 12.008633633633634], [79.41594759735128, 12.05475975975976], [79.36880155114102, 12.05475975975976], [79.36880155114102, 12.008633633633634]]]"
Vilupuram_2024_0_1.png,NDVI_Vilupuram_2024_0_1.tif,Vilupuram,2024,0,1,,"[[[79.41594759735128, 12.008633633633634], [79.46309364356154, 12.008633633633634], [79.46309364356154, 12.05475975975976], [79.41594759735128, 12.05475975975976], [79.41594759735128, 12.008633633633634]]]"
Vilupuram_2024_0_2.png,NDVI_Vilupuram_2024_0_2.tif,Vilupuram,2024,0,2,,"[[[79.46309364356154, 12.008633633633634], [79.5102396897718, 12.008633633633634], [79.5102396897718, 12.05475975975976], [79.46309364356154, 12.05475975975976], [79.46309364356154, 12.008633633633634]]]"
Vilupuram_2024_0_3.png,NDVI_Vilupuram_2024_0_3.tif,Vilupuram,2024,0,3,,"[[[79.5102396897718, 12.008633633633634], [79.55738573598205, 12.008633633633634], [79.55738573598205, 12.05475975975976], [79.5102396897718, 12.05475975975976], [79.5102396897718, 12.008633633633634]]]"
Vilupuram_2024_0_4.png,NDVI_Vilupuram_2024_0_4.tif,Vilupuram,2024,0,4,,"[[[79.55738573598205, 12.008633633633634], [79.60453178219231, 12.008633633633634], [79.60453178219231, 12.05475975975976], [79.55738573598205, 12.05475975975976], [79.55738573598205, 12.008633633633634]]]"
Vilupuram_2024_1_0.png,NDVI_Vilupuram_2024_1_0.tif,Vilupuram,2024,1,0,,"[[[79.36880155114102, 11.962507507507507], [79.41594759735128, 11.962507507507507], [79.41594759735128, 12.008633633633634], [79.36880155114102, 12.008633633633634], [79.36880155114102, 11.962507507507507]]]"
Vilupuram_2024_1_1.png,NDVI_Vilupuram_2024_1_1.tif,Vilupuram,2024,1,1,,"[[[79.41594759735128, 11.962507507507507], [79.46309364356154, 11.962507507507507], [79.46309364356154, 12.008633633633634], [79.41594759735128, 12.008633633633634], [79.41594759735128, 11.962507507507507]]]"
Vilupuram_2024_1_2.png,NDVI_Vilupuram_2024_1_2.tif,Vilupuram,2024,1,2,,"[[[79.46309364356154, 11.962507507507507], [79.5102396897718, 11.962507507507507], [79.5102396897718, 12.008633633633634], [79.46309364356154, 12.008633633633634], [79.46309364356154, 11.962507507507507]]]"
Vilupuram_2024_1_3.png,NDVI_Vilupuram_2024_1_3.tif,Vilupuram,2024,1,3,,"[[[79.5102396897718, 11.962507507507507], [79.55738573598205, 11.962507507507507], [79.55738573598205, 12.008633633633634], [79.5102396897718, 12.008633633633634], [79.5102396897718, 11.962507507507507]]]"
Vilupuram_2024_1_4.png,NDVI_Vilupuram_2024_1_4.tif,Vilupuram,2024,1,4,,"[[[79.55738573598205, 11.962507507507507], [79.60453178219231, 11.962507507507507], [79.60453178219231, 12.008633633633634], [79.55738573598205, 12.008633633633634], [79.55738573598205, 11.962507507507507]]]"
Vilupuram_2024_2_0.png,NDVI_Vilupuram_2024_2_0.tif,Vilupuram,2024,2,0,,"[[[79.36880155114102, 11.916381381381381], [79.41594759735128, 11.916381381381381], [79.41594759735128, 11.962507507507507], [79.36880155114102, 11.962507507507507], [79.36880155114102, 11.916381381381381]]]"
Vilupuram_2024_2_1.png,NDVI_Vilupuram_2024_2_1.tif,Vilupuram,2024,2,1,,"[[[79.41594759735128, 11.916381381381381], [79.46309364356154, 11.916381381381381], [79.46309364356154, 11.962507507507507], [79.41594759735128, 11.962507507507507], [79.41594759735128, 11.916381381381381]]]"
Vilupuram_2024_2_2.png,NDVI_Vilupuram_2024_2_2.tif,Vilupuram,2024,2,2,,"[[[79.46309364356154, 11.916381381381381], [79.5102396897718, 11.916381381381381], [79.5102396897718, 11.962507507507507], [79.46309364356154, 11.962507507507507], [79.46309364356154, 11.916381381381381]]]"
Vilupuram_2024_2_3.png,NDVI_Vilupuram_2024_2_3.tif,Vilupuram,2024,2,3,,"[[[79.5102396897718, 11.916381381381381], [79.55738573598205, 11.916381381381381], [79.55738573598205, 11.962507507507507], [79.5102396897718, 11.962507507507507], [79.5102396897718, 11.916381381381381]]]"
Vilupuram_2024_2_4.png,NDVI_Vilupuram_2024_2_4.tif,Vilupuram,2024,2,4,,"[[[79.55738573598205, 11.916381381381381], [79.60453178219231, 11.916381381381381], [79.60453178219231, 11.962507507507507], [79.55738573598205, 11.962507507507507], [79.55738573598205, 11.916381381381381]]]"
Vilupuram_2024_3_0.png,NDVI_Vilupuram_2024_3_0.tif,Vilupuram,2024,3,0,,"[[[79.36880155114102, 11.870255255255254], [79.41594759735128, 11.870255255255254], [79.41594759735128, 11.916381381381381], [79.36880155114102, 11.916381381381381], [79.36880155114102, 11.870255255255254]]]"
Vilupuram_2024_3_1.png,NDVI_Vilupuram_2024_3_1.tif,Vilupuram,2024,3,1,,"[[[79.41594759735128, 11.870255255255254], [79.46309364356154, 11.870255255255254], [79.46309364356154, 11.916381381381381], [79.41594759735128, 11.916381381381381], [79.41594759735128, 11.870255255255254]]]"
Vilupuram_2024_3_2.png,NDVI_Vilupuram_2024_3_2.tif,Vilupuram,2024,3,2,,"[[[79.46309364356154, 11.870255255255254], [79.5102396897718, 11.870255255255254], [79.5102396897718, 11.916381381381381], [79.46309364356154, 11.916381381381381], [79.46309364356154, 11.870255255255254]]]"
Vilupuram_2024_3_3.png,NDVI_Vilupuram_2024_3_3.tif,Vilupuram,2024,3,3,,"[[[79.5102396897718, 11.870255255255254], [79.55738573598205, 11.870255255255254], [79.55738573598205, 11.916381381381381], [79.5102396897718, 11.916381381381381], [79.5102396897718, 11.870255255255254]]]"
Vilupuram_2024_3_4.png,NDVI_Vilupuram_2024_3_4.tif,Vilupuram,2024,3,4,,"[[[79.55738573598205, 11.870255255255254], [79.60453178219231, 11.870255255255254], [79.60453178219231, 11.916381381381381], [79.55738573598205, 11.916381381381381], [79.55738573598205, 11.870255255255254]]]"
Vilupuram_2024_4_0.png,NDVI_Vilupuram_2024_4_0.tif,Vilupuram,2024,4,0,,"[[[79.36880155114102, 11.824129129129128], [79.41594759735128, 11.824129129129128], [79.41594759735128, 11.870255255255254], [79.36880155114102, 11.870255255255254], [79.36880155114102, 11.824129129129128]]]"
Vilupuram_2024_4_1.png,NDVI_Vilupuram_2024_4_1.tif,Vilupuram,2024,4,1,,"[[[79.41594759735128, 11.824129129129128], [79.46309364356154, 11.824129129129128], [79.46309364356154, 11.870255255255254], [79.41594759735128, 11.870255255255254], [79.41594759735128, 11.824129129129128]]]"
Vilupuram_2024_4_2.png,NDVI_Vilupuram_2024_4_2.tif,Vilupuram,2024,4,2,,"[[[79.46309364356154, 11.824129129129128], [79.5102396897718, 11.824129129129128], [79.5102396897718, 11.870255255255254], [79.46309364356154, 11.870255255255254], [79.46309364356154, 11.824129129129128]]]"
Vilupuram_2024_4_3.png,NDVI_Vilupuram_2024_4_3.tif,Vilupuram,2024,4,3,,"[[[79.5102396897718, 11.824129129129128], [79.55738573598205, 11.824129129129128], [79.55738573598205, 11.870255255255254], [79.5102396897718, 11.870255255255254], [79.5102396897718, 11.824129129129128]]]"
Vilupuram_2024_4_4.png,NDVI_Vilupuram_2024_4_4.tif,Vilupuram,2024,4,4,,"[[[79.55738573598205, 11.824129129129128], [79.60453178219231, 11.824129129129128], [79.60453178219231, 11.870255255255254], [79.55738573598205, 11.870255255255254], [79.55738573598205, 11.824129129129128]]]"
Thiruvannamalai_2018_0_0.png,NDVI_Thiruvannamalai_2018_0_0.tif,Thiruvannamalai,2018,0,0,,"[[[78.95756463003914, 12.29418918918919], [79.00476100024571, 12.29418918918919], [79.00476100024571, 12.340315315315316], [78.95756463003914, 12.340315315315316], [78.95756463003914, 12.29418918918919]]]"
Thiruvannamalai_2018_0_1.png,NDVI_Thiruvannamalai_2018_0_1.tif,Thiruvannamalai,2018,0,1,,"[[[79.00476100024571, 12.29418918918919], [79.05195737045227, 12.29418918918919], [79.05195737045227, 12.340315315315316], [79.00476100024571, 12.340315315315316], [79.00476100024571, 12.29418918918919]]]"
Thiruvannamalai_2018_0_2.png,NDVI_Thiruvannamalai_2018_0_2.tif,Thiruvannamalai,2018,0,2,,"[[[79.05195737045227, 12.29418918918919], [79.09915374065883, 12.29418918918919], [79.09915374065883, 12.340315315315316], [79.05195737045227, 12.340315315315316], [79.05195737045227, 12.29418918918919]]]"
Thiruvannamalai_2018_0_3.png,NDVI_Thiruvannamalai_2018_0_3.tif,Thiruvannamalai,2018,0,3,,"[[[79.09915374065883, 12.29418918918919], [79.1463501108654, 12.29418918918919], [79.1463501108654, 12.340315315315316], [79.09915374065883, 12.340315315315316], [79.09915374065883, 12.29418918918919]]]"
Thiruvannamalai_2018_0_4.png,NDVI_Thiruvannamalai_2018_0_4.tif,Thiruvannamalai,2018,0,4,,"[[[79.1463501108654, 12.29418918918919], [79.19354648107196, 12.29418918918919], [79.19354648107196, 12.340315315315316], [79.1463501108654, 12.340315315315316], [79.1463501108654, 12.29418918918919]]]"
Thiruvannamalai_2018_1_0.png,NDVI_Thiruvannamalai_2018_1_0.tif,Thiruvannamalai,2018,1,0,,"[[[78.95756463003914, 12.248063063063062], [79.00476100024571, 12.248063063063062], [79.00476100024571, 12.29418918918919], [78.95756463003914, 12.29418918918919], [78.95756463003914, 12.248063063063062]]]"
Thiruvannamalai_2018_1_1.png,NDVI_Thiruvannamalai_2018_1_1.tif,Thiruvannamalai,2018,1,1,,"[[[79.00476100024571, 12.248063063063062], [79.05195737045227, 12.248063063063062], [79.05195737045227, 12.29418918918919], [79.00476100024571, 12.29418918918919], [79.00476100024571, 12.248063063063062]]]"
Thiruvannamalai_2018_1_2.png,NDVI_Thiruvannamalai_2018_1_2.tif,Thiruvannamalai,2018,1,2,,"[[[79.05195737045227, 12.248063063063062], [79.09915374065883, 12.248063063063062], [79.09915374065883, 12.29418918918919], [79.05195737045227, 12.29418918918919], [79.05195737045227, 12.248063063063062]]]"
Thiruvannamalai_2018_1_3.png,NDVI_Thiruvannamalai_2018_1_3.tif,Thiruvannamalai,2018,1,3,,"[[[79.09915374065883, 12.248063063063062], [79.1463501108654, 12.248063063063062], [79.1463501108654, 12.29418918918919], [79.09915374065883, 12.29418918918919], [79.09915374065883, 12.248063063063062]]]"
Thiruvannamalai_2018_1_4.png,NDVI_Thiruvannamalai_2018_1_4.tif,Thiruvannamalai,2018,1,4,,"[[[79.1463501108654, 12.248063063063062], [79.19354648107196, 12.248063063063062], [79.19354648107196, 12.29418918918919], [79.1463501108654, 12.29418918918919], [79.1463501108654, 12.248063063063062]]]"
Thiruvannamalai_2018_2_0.png,NDVI_Thiruvannamalai_2018_2_0.tif,Thiruvannamalai,2018,2,0,,"[[[78.95756463003914, 12.201936936936937], [79.00476100024571, 12.201936936936937], [79.00476100024571, 12.248063063063062], [78.95756463003914, 12.248063063063062], [78.95756463003914, 12.201936936936937]]]"
Thiruvannamalai_2018_2_1.png,NDVI_Thiruvannamalai_2018_2_1.tif,Thiruvannamalai,2018,2,1,,"[[[79.00476100024571, 12.201936936936937], [79.05195737045227, 12.201936936936937], [79.05195737045227, 12.248063063063062], [79.00476100024571, 12.248063063063062], [79.00476100024571, 12.201936936936937]]]"
Thiruvannamalai_2018_2_2.png,NDVI_Thiruvannamalai_2018_2_2.tif,Thiruvannamalai,2018,2,2,,"[[[79.05195737045227, 12.201936936936937], [79.09915374065883, 12.201936936936937], [79.09915374065883, 12.248063063063062], [79.05195737045227, 12.248063063063062], [79.05195737045227, 12.201936936936937]]]"
Thiruvannamalai_2018_2_3.png,NDVI_Thiruvannamalai_2018_2_3.tif,Thiruvannamalai,2018,2,3,,"[[[79.09915374065883, 12.201936936936937], [79.1463501108654, 12.201936936936937], [79.1463501108654, 12.248063063063062], [79.09915374065883, 12.248063063063062], [79.09915374065883, 12.201936936936937]]]"
Thiruvannamalai_2018_2_4.png,NDVI_Thiruvannamalai_2018_2_4.tif,Thiruvannamalai,2018,2,4,,"[[[79.1463501108654, 12.201936936936937], [79.19354648107196, 12.201936936936937], [79.19354648107196, 12.248063063063062], [79.1463501108654, 12.248063063063062], [79.1463501108654, 12.201936936936937]]]"
Thiruvannamalai_2018_3_0.png,NDVI_Thiruvannamalai_2018_3_0.tif,Thiruvannamalai,2018,3,0,,"[[[78.95756463003914, 12.15581081081081], [79.00476100024571, 12.15581081081081], [79.00476100024571, 12.201936936936937], [78.95756463003914, 12.201936936936937], [78.95756463003914, 12.15581081081081]]]"
Thiruvannamalai_2018_3_1.png,NDVI_Thiruvannamalai_2018_3_1.tif,Thiruvannamalai,2018,3,1,,"[[[79.00476100024571, 12.15581081081081], [79.05195737045227, 12.15581081081081], [79.05195737045227, 12.201936936936937], [79.00476100024571, 12.201936936936937], [79.00476100024571, 12.15581081081081]]]"
Thiruvannamalai_2018_3_2.png,NDVI_Thiruvannamalai_2018_3_2.tif,Thiruvannamalai,2018,3,2,,"[[[79.05195737045227, 12.15581081081081], [79.09915374065883, 12.15581081081081], [79.09915374065883, 12.201936936936937], [79.05195737045227, 12.201936936936937], [79.05195737045227, 12.15581081081081]]]"
Thiruvannamalai_2018_3_3.png,NDVI_Thiruvannamalai_2018_3_3.tif,Thiruvannamalai,2018,3,3,,"[[[79.09915374065883, 12.15581081081081], [79.1463501108654, 12.15581081081081], [79.1463501108654, 12.201936936936937], [79.09915374065883, 12.201936936936937], [79.09915374065883, 12.15581081081081]]]"
Thiruvannamalai_2018_3_4.png,NDVI_Thiruvannamalai_2018_3_4.tif,Thiruvannamalai,2018,3,4,,"[[[79.1463501108654, 12.15581081081081], [79.19354648107196, 12.15581081081081], [79.19354648107196, 12.201936936936937], [79.1463501108654, 12.201936936936937], [79.1463501108654, 12.15581081081081]]]"
Thiruvannamalai_2018_4_0.png,NDVI_Thiruvannamalai_2018_4_0.tif,Thiruvannamalai,2018,4,0,,"[[[78.95756463003914, 12.109684684684684], [79.00476100024571, 12.109684684684684], [79.00476100024571, 12.15581081081081], [78.95756463003914, 12.15581081081081], [78.95756463003914, 12.109684684684684]]]"
Thiruvannamalai_2018_4_1.png,NDVI_Thiruvannamalai_2018_4_1.tif,Thiruvannamalai,2018,4,1,,"[[[79.00476100024571, 12.109684684684684], [79.05195737045227, 12.109684684684684], [79.05195737045227, 12.15581081081081], [79.00476100024571, 12.15581081081081], [79.00476100024571, 12.109684684684684]]]"
Thiruvannamalai_2018_4_2.png,NDVI_Thiruvannamalai_2018_4_2.tif,Thiruvannamalai,2018,4,2,,"[[[79.05195737045227, 12.109684684684684], [79.09915374065883, 12.109684684684684], [79.09915374065883, 12.15581081081081], [79.05195737045227, 12.15581081081081], [79.05195737045227, 12.109684684684684]]]"
Thiruvannamalai_2018_4_3.png,NDVI_Thiruvannamalai_2018_4_3.tif,Thiruvannamalai,2018,4,3,,"[[[79.09915374065883, 12.109684684684684], [79.1463501108654, 12.109684684684684], [79.1463501108654, 12.15581081081081], [79.09915374065883, 12.15581081081081], [79.09915374065883, 12.109684684684684]]]"
Thiruvannamalai_2018_4_4.png,NDVI_Thiruvannamalai_2018_4_4.tif,Thiruvannamalai,2018,4,4,,"[[[79.1463501108654, 12.109684684684684], [79.19354648107196, 12.109684684684684], [79.19354648107196, 12.15581081081081], [79.1463501108654, 12.15581081081081], [79.1463501108654, 12.109684684684684]]]"
Thiruvannamalai_2024_0_0.png,NDVI_Thiruvannamalai_2024_0_0.tif,Thiruvannamalai,2024,0,0,,"[[[78.95756463003914, 12.29418918918919], [79.00476100024571, 12.29418918918919], [79.00476100024571, 12.340315315315316], [78.95756463003914, 12.340315315315316], [78.95756463003914, 12.29418918918919]]]"
Thiruvannamalai_2024_0_1.png,NDVI_Thiruvannamalai_2024_0_1.tif,Thiruvannamalai,2024,0,1,,"[[[79.00476100024571, 12.29418918918919], [79.05195737045227, 12.29418918918919], [79.05195737045227, 12.340315315315316], [79.00476100024571, 12.340315315315316], [79.00476100024571, 12.29418918918919]]]"
Thiruvannamalai_2024_0_2.png,NDVI_Thiruvannamalai_2024_0_2.tif,Thiruvannamalai,2024,0,2,,"[[[79.05195737045227, 12.29418918918919], [79.09915374065883, 12.29418918918919], [79.09915374065883, 12.340315315315316], [79.05195737045227, 12.340315315315316], [79.05195737045227, 12.29418918918919]]]"
Thiruvannamalai_2024_0_3.png,NDVI_Thiruvannamalai_2024_0_3.tif,Thiruvannamalai,2024,0,3,,"[[[79.09915374065883, 12.29418918918919], [79.1463501108654, 12.29418918918919], [79.1463501108654, 12.340315315315316], [79.09915374065883, 12.340315315315316], [79.09915374065883, 12.29418918918919]]]"
Thiruvannamalai_2024_0_4.png,NDVI_Thiruvannamalai_2024_0_4.tif,Thiruvannamalai,2024,0,4,,"[[[79.1463501108654, 12.29418918918919], [79.19354648107196, 12.29418918918919], [79.19354648107196, 12.340315315315316], [79.1463501108654, 12.340315315315316], [79.1463501108654, 12.29418918918919]]]"
Thiruvannamalai_2024_1_0.png,NDVI_Thiruvannamalai_2024_1_0.tif,Thiruvannamalai,2024,1,0,,"[[[78.95756463003914, 12.248063063063062], [79.00476100024571, 12.248063063063062], [79.00476100024571, 12.29418918918919], [78.95756463003914, 12.29418918918919], [78.95756463003914, 12.248063063063062]]]"
Thiruvannamalai_2024_1_1.png,NDVI_Thiruvannamalai_2024_1_1.tif,Thiruvannamalai,2024,1,1,,"[[[79.00476100024571, 12.248063063063062], [79.05195737045227, 12.248063063063062], [79.05195737045227, 12.29418918918919], [79.00476100024571, 12.29418918918919], [79.00476100024571, 12.248063063063062]]]"
Thiruvannamalai_2024_1_2.png,NDVI_Thiruvannamalai_2024_1_2.tif,Thiruvannamalai,2024,1,2,,"[[[79.05195737045227, 12.248063063063062], [79.09915374065883, 12.248063063063062], [79.09915374065883, 12.29418918918919], [79.05195737045227, 12.29418918918919], [79.05195737045227, 12.248063063063062]]]"
Thiruvannamalai_2024_1_3.png,NDVI_Thiruvannamalai_2024_1_3.tif,Thiruvannamalai,2024,1,3,,"[[[79.09915374065883, 12.248063063063062], [79.1463501108654, 12.248063063063062], [79.1463501108654, 12.29418918918919], [79.09915374065883, 12.29418918918919], [79.09915374065883, 12.248063063063062]]]"
Thiruvannamalai_2024_1_4.png,NDVI_Thiruvannamalai_2024_1_4.tif,Thiruvannamalai,2024,1,4,,"[[[79.1463501108654, 12.248063063063062], [79.19354648107196, 12.248063063063062], [79.19354648107196, 12.29418918918919], [79.1463501108654, 12.29418918918919], [79.1463501108654, 12.248063063063062]]]"
Thiruvannamalai_2024_2_0.png,NDVI_Thiruvannamalai_2024_2_0.tif,Thiruvannamalai,2024,2,0,,"[[[78.95756463003914, 12.201936936936937], [79.00476100024571, 12.201936936936937], [79.00476100024571, 12.248063063063062], [78.95756463003914, 12.248063063063062], [78.95756463003914, 12.201936936936937]]]"
Thiruvannamalai_2024_2_1.png,NDVI_Thiruvannamalai_2024_2_1.tif,Thiruvannamalai,2024,2,1,,"[[[79.00476100024571, 12.201936936936937], [79.05195737045227, 12.201936936936937], [79.05195737045227, 12.248063063063062], [79.00476100024571, 12.248063063063062], [79.00476100024571, 12.201936936936937]]]"
Thiruvannamalai_2024_2_2.png,NDVI_Thiruvannamalai_2024_2_2.tif,Thiruvannamalai,2024,2,2,,"[[[79.05195737045227, 12.201936936936937], [79.09915374065883, 12.201936936936937], [79.09915374065883, 12.248063063063062], [79.05195737045227, 12.248063063063062], [79.05195737045227, 12.201936936936937]]]"
Thiruvannamalai_2024_2_3.png,NDVI_Thiruvannamalai_2024_2_3.tif,Thiruvannamalai,2024,2,3,,"[[[79.09915374065883, 12.201936936936937], [79.1463501108654, 12.201936936936937], [79.1463501108654, 12.248063063063062], [79.09915374065883, 12.248063063063062], [79.09915374065883, 12.201936936936937]]]"
Thiruvannamalai_2024_2_4.png,NDVI_Thiruvannamalai_2024_2_4.tif,Thiruvannamalai,2024,2,4,,"[[[79.1463501108654, 12.201936936936937], [79.19354648107196, 12.201936936936937], [79.19354648107196, 12.248063063063062], [79.1463501108654, 12.248063063063062], [79.1463501108654, 12.201936936936937]]]"
Thiruvannamalai_2024_3_0.png,NDVI_Thiruvannamalai_2024_3_0.tif,Thiruvannamalai,2024,3,0,,"[[[78.95756463003914, 12.15581081081081], [79.00476100024571, 12.15581081081081], [79.00476100024571, 12.201936936936937], [78.95756463003914, 12.201936936936937], [78.95756463003914, 12.15581081081081]]]"
Thiruvannamalai_2024_3_1.png,NDVI_Thiruvannamalai_2024_3_1.tif,Thiruvannamalai,2024,3,1,,"[[[79.00476100024571, 12.15581081081081], [79.05195737045227, 12.15581081081081], [79.05195737045227, 12.201936936936937], [79.00476100024571, 12.201936936936937], [79.00476100024571, 12.15581081081081]]]"
Thiruvannamalai_2024_3_2.png,NDVI_Thiruvannamalai_2024_3_2.tif,Thiruvannamalai,2024,3,2,,"[[[79.05195737045227, 12.15581081081081], [79.09915374065883, 12.15581081081081], [79.09915374065883, 12.201936936936937], [79.05195737045227, 12.201936936936937], [79.05195737045227, 12.15581081081081]]]"
Thiruvannamalai_2024_3_3.png,NDVI_Thiruvannamalai_2024_3_3.tif,Thiruvannamalai,2024,3,3,,"[[[79.09915374065883, 12.15581081081081], [79.1463501108654, 12.15581081081081], [79.1463501108654, 12.201936936936937], [79.09915374065883, 12.201936936936937], [79.09915374065883, 12.15581081081081]]]"
Thiruvannamalai_2024_3_4.png,NDVI_Thiruvannamalai_2024_3_4.tif,Thiruvannamalai,2024,3,4,,"[[[79.1463501108654, 12.15581081081081], [79.19354648107196, 12.15581081081081], [79.19354648107196, 12.201936936936937], [79.1463501108654, 12.201936936936937], [79.1463501108654, 12.15581081081081]]]"
Thiruvannamalai_2024_4_0.png,NDVI_Thiruvannamalai_2024_4_0.tif,Thiruvannamalai,2024,4,0,,"[[[78.95756463003914, 12.109684684684684], [79.00476100024571, 12.109684684684684], [79.00476100024571, 12.15581081081081], [78.95756463003914, 12.15581081081081], [78.95756463003914, 12.109684684684684]]]"
Thiruvannamalai_2024_4_1.png,NDVI_Thiruvannamalai_2024_4_1.tif,Thiruvannamalai,2024,4,1,,"[[[79.00476100024571, 12.109684684684684], [79.05195737045227, 12.109684684684684], [79.05195737045227, 12.15581081081081], [79.00476100024571, 12.15581081081081], [79.00476100024571, 12.109684684684684]]]"
Thiruvannamalai_2024_4_2.png,NDVI_Thiruvannamalai_2024_4_2.tif,Thiruvannamalai,2024,4,2,,"[[[79.05195737045227, 12.109684684684684], [79.09915374065883, 12.109684684684684], [79.09915374065883, 12.15581081081081], [79.05195737045227, 12.15581081081081], [79.05195737045227, 12.109684684684684]]]"
Thiruvannamalai_2024_4_3.png,NDVI_Thiruvannamalai_2024_4_3.tif,Thiruvannamalai,2024,4,3,,"[[[79.09915374065883, 12.109684684684684], [79.1463501108654, 12.109684684684684], [79.1463501108654, 12.15581081081081], [79.09915374065883, 12.15581081081081], [79.09915374065883, 12.109684684684684]]]"
Thiruvannamalai_2024_4_4.png,NDVI_Thiruvannamalai_2024_4_4.tif,Thiruvannamalai,2024,4,4,,"[[[79.1463501108654, 12.109684684684684], [79.19354648107196, 12.109684684684684], [79.19354648107196, 12.15581081081081], [79.1463501108654, 12.15581081081081], [79.1463501108654, 12.109684684684684]]]"
Mandangad_2018_0_0.png,NDVI_Mandangad_2018_0_0.tif,Mandangad,2018,0,0,,"[[[73.07206757928961, 18.092522522522522], [73.1205738809071, 18.092522522522522], [73.1205738809071, 18.138648648648648], [73.07206757928961, 18.138648648648648], [73.07206757928961, 18.092522522522522]]]"
Mandangad_2018_0_1.png,NDVI_Mandangad_2018_0_1.tif,Mandangad,2018,0,1,,"[[[73.1205738809071, 18.092522522522522], [73.1690801825246, 18.092522522522522], [73.1690801825246, 18.138648648648648], [73.1205738809071, 18.138648648648648], [73.1205738809071, 18.092522522522522]]]"
Mandangad_2018_0_2.png,NDVI_Mandangad_2018_0_2.tif,Mandangad,2018,0,2,,"[[[73.1690801825246, 18.092522522522522], [73.21758648414209, 18.092522522522522], [73.21758648414209, 18.138648648648648], [73.1690801825246, 18.138648648648648], [73.1690801825246, 18.092522522522522]]]"
Mandangad_2018_0_3.png,NDVI_Mandangad_2018_0_3.tif,Mandangad,2018,0,3,,"[[[73.21758648414209, 18.092522522522522], [73.26609278575958, 18.092522522522522], [73.26609278575958, 18.138648648648648], [73.21758648414209, 18.138648648648648], [73.21758648414209, 18.092522522522522]]]"
Mandangad_2018_0_4.png,NDVI_Mandangad_2018_0_4.tif,Mandangad,2018,0,4,,"[[[73.26609278575958, 18.092522522522522], [73.31459908737708, 18.092522522522522], [73.31459908737708, 18.138648648648648], [73.26609278575958, 18.138648648648648], [73.26609278575958, 18.092522522522522]]]"
Mandangad_2018_1_0.png,NDVI_Mandangad_2018_1_0.tif,Mandangad,2018,1,0,,"[[[73.07206757928961, 18.046396396396396], [73.1205738809071, 18.046396396396396], [73.1205738809071, 18.092522522522522], [73.07206757928961, 18.092522522522522], [73.07206757928961, 18.046396396396396]]]"
Mandangad_2018_1_1.png,NDVI_Mandangad_2018_1_1.tif,Mandangad,2018,1,1,,"[[[73.1205738809071, 18.046396396396396], [73.1690801825246, 18.046396396396396], [73.1690801825246, 18.092522522522522], [73.1205738809071, 18.092522522522522], [73.1205738809071, 18.046396396396396]]]"
Mandangad_2018_1_2.png,NDVI_Mandangad_2018_1_2.tif,Mandangad,2018,1,2,,"[[[73.1690801825246, 18.046396396396396], [73.21758648414209, 18.046396396396396], [73.21758648414209, 18.092522522522522], [73.1690801825246, 18.092522522522522], [73.1690801825246, 18.046396396396396]]]"
Mandangad_2018_1_3.png,NDVI_Mandangad_2018_1_3.tif,Mandangad,2018,1,3,,"[[[73.21758648414209, 18.046396396396396], [73.26609278575958, 18.046396396396396], [73.26609278575958, 18.092522522522522], [73.21758648414209, 18.092522522522522], [73.21758648414209, 18.046396396396396]]]"
Mandangad_2018_1_4.png,NDVI_Mandangad_2018_1_4.tif,Mandangad,2018,1,4,,"[[[73.26609278575958, 18.046396396396396], [73.31459908737708, 18.046396396396396], [73.31459908737708, 18.092522522522522], [73.26609278575958, 18.092522522522522], [73.26609278575958, 18.046396396396396]]]"
Mandangad_2018_2_0.png,NDVI_Mandangad_2018_2_0.tif,Mandangad,2018,2,0,,"[[[73.07206757928961, 18.00027027027027], [73.1205738809071, 18.00027027027027], [73.1205738809071, 18.046396396396396], [73.07206757928961, 18.046396396396396], [73.07206757928961, 18.00027027027027]]]"
Mandangad_2018_2_1.png,NDVI_Mandangad_2018_2_1.tif,Mandangad,2018,2,1,,"[[[73.1205738809071, 18.00027027027027], [73.1690801825246, 18.00027027027027], [73.1690801825246, 18.046396396396396], [73.1205738809071, 18.046396396396396], [73.1205738809071, 18.00027027027027]]]"
Mandangad_2018_2_2.png,NDVI_Mandangad_2018_2_2.tif,Mandangad,2018,2,2,,"[[[73.1690801825246, 18.00027027027027], [73.21758648414209, 18.00027027027027], [73.21758648414209, 18.046396396396396], [73.1690801825246, 18.046396396396396], [73.1690801825246, 18.00027027027027]]]"
Mandangad_2018_2_3.png,NDVI_Mandangad_2018_2_3.tif,Mandangad,2018,2,3,,"[[[73.21758648414209, 18.00027027027027], [73.26609278575958, 18.00027027027027], [73.26609278575958, 18.046396396396396], [73.21758648414209, 18.046396396396396], [73.21758648414209, 18.00027027027027]]]"
Mandangad_2018_2_4.png,NDVI_Mandangad_2018_2_4.tif,Mandangad,2018,2,4,,"[[[73.26609278575958, 18.00027027027027], [73.31459908737708, 18.00027027027027], [73.31459908737708, 18.046396396396396], [73.26609278575958, 18.046396396396396], [73.26609278575958, 18.00027027027027]]]"
Mandangad_2018_3_0.png,NDVI_Mandangad_2018_3_0.tif,Mandangad,2018,3,0,,"[[[73.07206757928961, 17.954144144144145], [73.1205738809071, 17.954144144144145], [73.1205738809071, 18.00027027027027], [73.07206757928961, 18.00027027027027], [73.07206757928961, 17.954144144144145]]]"
Mandangad_2018_3_1.png,NDVI_Mandangad_2018_3_1.tif,Mandangad,2018,3,1,,"[[[73.1205738809071, 17.954144144144145], [73.1690801825246, 17.954144144144145], [73.1690801825246, 18.00027027027027], [73.1205738809071, 18.00027027027027], [73.1205738809071, 17.954144144144145]]]"
Mandangad_2018_3_2.png,NDVI_Mandangad_2018_3_2.tif,Mandangad,2018,3,2,,"[[[73.1690801825246, 17.954144144144145], [73.21758648414209, 17.954144144144145], [73.21758648414209, 18.00027027027027], [73.1690801825246, 18.00027027027027], [73.1690801825246, 17.954144144144145]]]"
Mandangad_2018_3_3.png,NDVI_Mandangad_2018_3_3.tif,Mandangad,2018,3,3,,"[[[73.21758648414209, 17.954144144144145], [73.26609278575958, 17.954144144144145], [73.26609278575958, 18.00027027027027], [73.21758648414209, 18.00027027027027], [73.21758648414209, 17.954144144144145]]]"
Mandangad_2018_3_4.png,NDVI_Mandangad_2018_3_4.tif,Mandangad,2018,3,4,,"[[[73.26609278575958, 17.954144144144145], [73.31459908737708, 17.954144144144145], [73.31459908737708, 18.00027027027027], [73.26609278575958, 18.00027027027027], [73.26609278575958, 17.954144144144145]]]"
Mandangad_2018_4_0.png,NDVI_Mandangad_2018_4_0.tif,Mandangad,2018,4,0,,"[[[73.07206757928961, 17.90801801801802], [73.1205738809071, 17.90801801801802], [73.1205738809071, 17.954144144144145], [73.07206757928961, 17.954144144144145], [73.07206757928961, 17.90801801801802]]]"
Mandangad_2018_4_1.png,NDVI_Mandangad_2018_4_1.tif,Mandangad,2018,4,1,,"[[[73.1205738809071, 17.90801801801802], [73.1690801825246, 17.90801801801802], [73.1690801825246, 17.954144144144145], [73.1205738809071, 17.954144144144145], [73.1205738809071, 17.90801801801802]]]"
Mandangad_2018_4_2.png,NDVI_Mandangad_2018_4_2.tif,Mandangad,2018,4,2,,"[[[73.1690801825246, 17.90801801801802], [73.21758648414209, 17.90801801801802], [73.21758648414209, 17.954144144144145], [73.1690801825246, 17.954144144144145], [73.1690801825246, 17.90801801801802]]]"
Mandangad_2018_4_3.png,NDVI_Mandangad_2018_4_3.tif,Mandangad,2018,4,3,,"[[[73.21758648414209, 17.90801801801802], [73.26609278575958, 17.90801801801802], [73.26609278575958, 17.954144144144145], [73.21758648414209, 17.954144144144145], [73.21758648414209, 17.90801801801802]]]"
Mandangad_2018_4_4.png,NDVI_Mandangad_2018_4_4.tif,Mandangad,2018,4,4,,"[[[73.26609278575958, 17.90801801801802], [73.31459908737708, 17.90801801801802], [73.31459908737708, 17.954144144144145], [73.26609278575958, 17.954144144144145], [73.26609278575958, 17.90801801801802]]]"
Mandangad_2024_0_0.png,NDVI_Mandangad_2024_0_0.tif,Mandangad,2024,0,0,,"[[[73.07206757928961, 18.092522522522522], [73.1205738809071, 18.092522522522522], [73.1205738809071, 18.138648648648648], [73.07206757928961, 18.138648648648648], [73.07206757928961, 18.092522522522522]]]"
Mandangad_2024_0_1.png,NDVI_Mandangad_2024_0_1.tif,Mandangad,2024,0,1,,"[[[73.1205738809071, 18.092522522522522], [73.1690801825246, 18.092522522522522], [73.1690801825246, 18.138648648648648], [73.1205738809071, 18.138648648648648], [73.1205738809071, 18.092522522522522]]]"
Mandangad_2024_0_2.png,NDVI_Mandangad_2024_0_2.tif,Mandangad,2024,0,2,,"[[[73.1690801825246, 18.092522522522522], [73.21758648414209, 18.092522522522522], [73.21758648414209, 18.138648648648648], [73.1690801825246, 18.138648648648648], [73.1690801825246, 18.092522522522522]]]"
Mandangad_2024_0_3.png,NDVI_Mandangad_2024_0_3.tif,Mandangad,2024,0,3,,"[[[73.21758648414209, 18.092522522522522], [73.26609278575958, 18.092522522522522], [73.26609278575958, 18.138648648648648], [73.21758648414209, 18.138648648648648], [73.21758648414209, 18.092522522522522]]]"
Mandangad_2024_0_4.png,NDVI_Mandangad_2024_0_4.tif,Mandangad,2024,0,4,,"[[[73.26609278575958, 18.092522522522522], [73.31459908737708, 18.092522522522522], [73.31459908737708, 18.138648648648648], [73.26609278575958, 18.138648648648648], [73.26609278575958, 18.092522522522522]]]"
Mandangad_2024_1_0.png,NDVI_Mandangad_2024_1_0.tif,Mandangad,2024,1,0,,"[[[73.07206757928961, 18.046396396396396], [73.1205738809071, 18.046396396396396], [73.1205738809071, 18.092522522522522], [73.07206757928961, 18.092522522522522], [73.07206757928961, 18.046396396396396]]]"
Mandangad_2024_1_1.png,NDVI_Mandangad_2024_1_1.tif,Mandangad,2024,1,1,,"[[[73.1205738809071, 18.046396396396396], [73.1690801825246, 18.046396396396396], [73.1690801825246, 18.092522522522522], [73.1205738809071, 18.092522522522522], [73.1205738809071, 18.046396396396396]]]"
Mandangad_2024_1_2.png,NDVI_Mandangad_2024_1_2.tif,Mandangad,2024,1,2,,"[[[73.1690801825246, 18.046396396396396], [73.21758648414209, 18.046396396396396], [73.21758648414209, 18.092522522522522], [73.1690801825246, 18.092522522522522], [73.1690801825246, 18.046396396396396]]]"
Mandangad_2024_1_3.png,NDVI_Mandangad_2024_1_3.tif,Mandangad,2024,1,3,,"[[[73.21758648414209, 18.046396396396396], [73.26609278575958, 18.046396396396396], [73.26609278575958, 18.092522522522522], [73.21758648414209, 18.092522522522522], [73.21758648414209, 18.046396396396396]]]"
Mandangad_2024_1_4.png,NDVI_Mandangad_2024_1_4.tif,Mandangad,2024,1,4,,"[[[73.26609278575958, 18.046396396396396], [73.31459908737708, 18.046396396396396], [73.31459908737708, 18.092522522522522], [73.26609278575958, 18.092522522522522], [73.26609278575958, 18.046396396396396]]]"
Mandangad_2024_2_0.png,NDVI_Mandangad_2024_2_0.tif,Mandangad,2024,2,0,,"[[[73.07206757928961, 18.00027027027027], [73.1205738809071, 18.00027027027027], [73.1205738809071, 18.046396396396396], [73.07206757928961, 18.046396396396396], [73.07206757928961, 18.00027027027027]]]"
Mandangad_2024_2_1.png,NDVI_Mandangad_2024_2_1.tif,Mandangad,2024,2,1,,"[[[73.1205738809071, 18.00027027027027], [73.1690801825246, 18.00027027027027], [73.1690801825246, 18.046396396396396], [73.1205738809071, 18.046396396396396], [73.1205738809071, 18.00027027027027]]]"
Mandangad_2024_2_2.png,NDVI_Mandangad_2024_2_2.tif,Mandangad,2024,2,2,,"[[[73.1690801825246, 18.00027027027027], [73.21758648414209, 18.00027027027027], [73.21758648414209, 18.046396396396396], [73.1690801825246, 18.046396396396396], [73.1690801825246, 18.00027027027027]]]"
Mandangad_2024_2_3.png,NDVI_Mandangad_2024_2_3.tif,Mandangad,2024,2,3,,"[[[73.21758648414209, 18.00027027027027], [73.26609278575958, 18.00027027027027], [73.26609278575958, 18.046396396396396], [73.21758648414209, 18.046396396396396], [73.21758648414209, 18.00027027027027]]]"
Mandangad_2024_2_4.png,NDVI_Mandangad_2024_2_4.tif,Mandangad,2024,2,4,,"[[[73.26609278575958, 18.00027027027027], [73.31459908737708, 18.00027027027027], [73.31459908737708, 18.046396396396396], [73.26609278575958, 18.046396396396396], [73.26609278575958, 18.00027027027027]]]"
Mandangad_2024_3_0.png,NDVI_Mandangad_2024_3_0.tif,Mandangad,2024,3,0,,"[[[73.07206757928961, 17.954144144144145], [73.1205738809071, 17.954144144144145], [73.1205738809071, 18.00027027027027], [73.07206757928961, 18.00027027027027], [73.07206757928961, 17.954144144144145]]]"
Mandangad_2024_3_1.png,NDVI_Mandangad_2024_3_1.tif,Mandangad,2024,3,1,,"[[[73.1205738809071, 17.954144144144145], [73.1690801825246, 17.954144144144145], [73.1690801825246, 18.00027027027027], [73.1205738809071, 18.00027027027027], [73.1205738809071, 17.954144144144145]]]"
Mandangad_2024_3_2.png,NDVI_Mandangad_2024_3_2.tif,Mandangad,2024,3,2,,"[[[73.1690801825246, 17.954144144144145], [73.21758648414209, 17.954144144144145], [73.21758648414209, 18.00027027027027], [73.1690801825246, 18.00027027027027], [73.1690801825246, 17.954144144144145]]]"
Mandangad_2024_3_3.png,NDVI_Mandangad_2024_3_3.tif,Mandangad,2024,3,3,,"[[[73.21758648414209, 17.954144144144145], [73.26609278575958, 17.954144144144145], [73.26609278575958, 18.00027027027027], [73.21758648414209, 18.00027027027027], [73.21758648414209, 17.954144144144145]]]"
Mandangad_2024_3_4.png,NDVI_Mandangad_2024_3_4.tif,Mandangad,2024,3,4,,"[[[73.26609278575958, 17.954144144144145], [73.31459908737708, 17.954144144144145], [73.31459908737708, 18.00027027027027], [73.26609278575958, 18.00027027027027], [73.26609278575958, 17.954144144144145]]]"
Mandangad_2024_4_0.png,NDVI_Mandangad_2024_4_0.tif,Mandangad,2024,4,0,,"[[[73.07206757928961, 17.90801801801802], [73.1205738809071, 17.90801801801802], [73.1205738809071, 17.954144144144145], [73.07206757928961, 17.954144144144145], [73.07206757928961, 17.90801801801802]]]"
Mandangad_2024_4_1.png,NDVI_Mandangad_2024_4_1.tif,Mandangad,2024,4,1,,"[[[73.1205738809071, 17.90801801801802], [73.1690801825246, 17.90801801801802], [73.1690801825246, 17.954144144144145], [73.1205738809071, 17.954144144144145], [73.1205738809071, 17.90801801801802]]]"
Mandangad_2024_4_2.png,NDVI_Mandangad_2024_4_2.tif,Mandangad,2024,4,2,,"[[[73.1690801825246, 17.90801801801802], [73.21758648414209, 17.90801801801802], [73.21758648414209, 17.954144144144145], [73.1690801825246, 17.954144144144145], [73.1690801825246, 17.90801801801802]]]"
Mandangad_2024_4_3.png,NDVI_Mandangad_2024_4_3.tif,Mandangad,2024,4,3,,"[[[73.21758648414209, 17.90801801801802], [73.26609278575958, 17.90801801801802], [73.26609278575958, 17.954144144144145], [73.21758648414209, 17.954144144144145], [73.21758648414209, 17.90801801801802]]]"
Mandangad_2024_4_4.png,NDVI_Mandangad_2024_4_4.tif,Mandangad,2024,4,4,,"[[[73.26609278575958, 17.90801801801802], [73.31459908737708, 17.90801801801802], [73.31459908737708, 17.954144144144145], [73.26609278575958, 17.954144144144145], [73.26609278575958, 17.90801801801802]]]"
